,ID Client,Distance_Intervenant_838320706_Driving,Duration_Intervenant_838320706_Driving,Distance_Intervenant_609468992_Driving,Duration_Intervenant_609468992_Driving,Distance_Intervenant_78012267_Driving,Duration_Intervenant_78012267_Driving,Distance_Intervenant_818696864_Driving,Duration_Intervenant_818696864_Driving,Distance_Intervenant_746414886_Driving,Duration_Intervenant_746414886_Driving,Distance_Intervenant_78005437_Driving,Duration_Intervenant_78005437_Driving,Distance_Intervenant_213237245_Driving,Duration_Intervenant_213237245_Driving,Distance_Intervenant_813991780_Driving,Duration_Intervenant_813991780_Driving,Distance_Intervenant_856089133_Bicycling,Duration_Intervenant_856089133_Bicycling,Distance_Intervenant_700168298_Driving,Duration_Intervenant_700168298_Driving,Distance_Intervenant_810259688_Bicycling,Duration_Intervenant_810259688_Bicycling,Distance_Intervenant_78007018_Driving,Duration_Intervenant_78007018_Driving,Distance_Intervenant_764144581_Driving,Duration_Intervenant_764144581_Driving,Distance_Intervenant_888888888_Bicycling,Duration_Intervenant_888888888_Bicycling,Distance_Intervenant_854577575_Bicycling,Duration_Intervenant_854577575_Bicycling,Distance_Intervenant_480302361_Driving,Duration_Intervenant_480302361_Driving,Distance_Intervenant_78007874_Driving,Duration_Intervenant_78007874_Driving,Distance_Intervenant_842621873_Driving,Duration_Intervenant_842621873_Driving,Distance_Intervenant_710283561_Driving,Duration_Intervenant_710283561_Driving,Distance_Intervenant_1452747150_Bicycling,Duration_Intervenant_1452747150_Bicycling,Distance_Intervenant_162858075_Driving,Duration_Intervenant_162858075_Driving,Distance_Intervenant_739888851_Driving,Duration_Intervenant_739888851_Driving,Distance_Intervenant_648993440_Driving,Duration_Intervenant_648993440_Driving,Distance_Intervenant_776399834_Driving,Duration_Intervenant_776399834_Driving,Distance_Intervenant_838320706_Bicycling,Duration_Intervenant_838320706_Bicycling,Distance_Intervenant_609468992_Bicycling,Duration_Intervenant_609468992_Bicycling,Distance_Intervenant_78012267_Bicycling,Duration_Intervenant_78012267_Bicycling,Distance_Intervenant_818696864_Bicycling,Duration_Intervenant_818696864_Bicycling,Distance_Intervenant_746414886_Bicycling,Duration_Intervenant_746414886_Bicycling,Distance_Intervenant_78005437_Bicycling,Duration_Intervenant_78005437_Bicycling,Distance_Intervenant_213237245_Bicycling,Duration_Intervenant_213237245_Bicycling,Distance_Intervenant_813991780_Bicycling,Duration_Intervenant_813991780_Bicycling,Distance_Intervenant_856089133_Driving,Duration_Intervenant_856089133_Driving,Distance_Intervenant_700168298_Bicycling,Duration_Intervenant_700168298_Bicycling,Distance_Intervenant_810259688_Driving,Duration_Intervenant_810259688_Driving,Distance_Intervenant_78007018_Bicycling,Duration_Intervenant_78007018_Bicycling,Distance_Intervenant_764144581_Bicycling,Duration_Intervenant_764144581_Bicycling,Distance_Intervenant_888888888_Driving,Duration_Intervenant_888888888_Driving,Distance_Intervenant_854577575_Driving,Duration_Intervenant_854577575_Driving,Distance_Intervenant_480302361_Bicycling,Duration_Intervenant_480302361_Bicycling,Distance_Intervenant_78007874_Bicycling,Duration_Intervenant_78007874_Bicycling,Distance_Intervenant_842621873_Bicycling,Duration_Intervenant_842621873_Bicycling,Distance_Intervenant_710283561_Bicycling,Duration_Intervenant_710283561_Bicycling,Distance_Intervenant_1452747150_Driving,Duration_Intervenant_1452747150_Driving,Distance_Intervenant_162858075_Bicycling,Duration_Intervenant_162858075_Bicycling,Distance_Intervenant_739888851_Bicycling,Duration_Intervenant_739888851_Bicycling,Distance_Intervenant_648993440_Bicycling,Duration_Intervenant_648993440_Bicycling,Distance_Intervenant_776399834_Bicycling,Duration_Intervenant_776399834_Bicycling
0,78690893,5.4 km,7 mins,14.4 km,15 mins,2.0 km,5 mins,6.1 km,11 mins,17.1 km,22 mins,2.0 km,3 mins,14.1 km,16 mins,25.1 km,26 mins,18.4 km,1 hour 2 mins,16.0 km,19 mins,1.4 km,6 mins,3.8 km,6 mins,19.0 km,19 mins,1.5 km,6 mins,4.4 km,18 mins,4.3 km,6 mins,3.4 km,8 mins,2.9 km,8 mins,2.4 km,6 mins,19.6 km,1 hour 7 mins,1.3 km,5 mins,9.2 km,12 mins,13.8 km,15 mins,4.5 km,8 mins,1000 km,4000 mins,1000 km,4000 mins,1000 km,4000 mins,1000 km,4000 mins,1000 km,4000 mins,1000 km,4000 mins,1000 km,4000 mins,1000 km,4000 mins,1000 km,4000 mins,1000 km,4000 mins,1000 km,4000 mins,1000 km,4000 mins,1000 km,4000 mins,1000 km,4000 mins,1000 km,4000 mins,1000 km,4000 mins,1000 km,4000 mins,1000 km,4000 mins,1000 km,4000 mins,1000 km,4000 mins,1000 km,4000 mins,1000 km,4000 mins,1000 km,4000 mins,1000 km,4000 mins
1,78691334,7.7 km,11 mins,13.4 km,14 mins,5.3 km,9 mins,6.4 km,11 mins,14.6 km,20 mins,3.1 km,4 mins,11.5 km,14 mins,21.8 km,22 mins,19.3 km,1 hour 5 mins,13.5 km,17 mins,3.1 km,13 mins,2.8 km,6 mins,21.3 km,22 mins,4.9 km,21 mins,5.9 km,24 mins,6.6 km,10 mins,6.1 km,11 mins,5.8 km,10 mins,5.4 km,9 mins,20.3 km,1 hour 9 mins,5.4 km,9 mins,8.4 km,12 mins,11.3 km,14 mins,5.3 km,8 mins,1000 km,4000 mins,1000 km,4000 mins,1000 km,4000 mins,1000 km,4000 mins,1000 km,4000 mins,1000 km,4000 mins,1000 km,4000 mins,1000 km,4000 mins,1000 km,4000 mins,1000 km,4000 mins,1000 km,4000 mins,1000 km,4000 mins,1000 km,4000 mins,1000 km,4000 mins,1000 km,4000 mins,1000 km,4000 mins,1000 km,4000 mins,1000 km,4000 mins,1000 km,4000 mins,1000 km,4000 mins,1000 km,4000 mins,1000 km,4000 mins,1000 km,4000 mins,1000 km,4000 mins
2,78691389,4.5 km,8 mins,20.8 km,23 mins,5.5 km,11 mins,8.5 km,14 mins,20.9 km,26 mins,8.4 km,12 mins,17.8 km,20 mins,31.5 km,35 mins,13.4 km,45 mins,19.8 km,23 mins,7.2 km,27 mins,10.2 km,14 mins,10.7 km,15 mins,5.5 km,21 mins,8.6 km,33 mins,4.7 km,9 mins,6.5 km,11 mins,5.2 km,10 mins,5.3 km,10 mins,23.1 km,1 hour 22 mins,6.3 km,11 mins,13.0 km,16 mins,17.6 km,19 mins,10.9 km,17 mins,1000 km,4000 mins,1000 km,4000 mins,1000 km,4000 mins,1000 km,4000 mins,1000 km,4000 mins,1000 km,4000 mins,1000 km,4000 mins,1000 km,4000 mins,1000 km,4000 mins,1000 km,4000 mins,1000 km,4000 mins,1000 km,4000 mins,1000 km,4000 mins,1000 km,4000 mins,1000 km,4000 mins,1000 km,4000 mins,1000 km,4000 mins,1000 km,4000 mins,1000 km,4000 mins,1000 km,4000 mins,1000 km,4000 mins,1000 km,4000 mins,1000 km,4000 mins,1000 km,4000 mins
3,78691461,13.8 km,15 mins,18.3 km,23 mins,13.3 km,16 mins,10.7 km,12 mins,2.9 km,6 mins,13.1 km,13 mins,0.9 km,2 mins,17.3 km,20 mins,30.9 km,1 hour 44 mins,2.2 km,4 mins,14.7 km,51 mins,16.5 km,18 mins,29.7 km,30 mins,15.4 km,54 mins,12.5 km,44 mins,14.8 km,18 mins,13.8 km,15 mins,13.9 km,18 mins,13.5 km,17 mins,11.4 km,39 mins,13.8 km,18 mins,6.8 km,9 mins,0.9 km,2 mins,11.6 km,14 mins,1000 km,4000 mins,1000 km,4000 mins,1000 km,4000 mins,1000 km,4000 mins,1000 km,4000 mins,1000 km,4000 mins,1000 km,4000 mins,1000 km,4000 mins,1000 km,4000 mins,1000 km,4000 mins,1000 km,4000 mins,1000 km,4000 mins,1000 km,4000 mins,1000 km,4000 mins,1000 km,4000 mins,1000 km,4000 mins,1000 km,4000 mins,1000 km,4000 mins,1000 km,4000 mins,1000 km,4000 mins,1000 km,4000 mins,1000 km,4000 mins,1000 km,4000 mins,1000 km,4000 mins
4,78692265,4.7 km,8 mins,18.2 km,19 mins,2.9 km,7 mins,1.0 km,3 mins,13.2 km,17 mins,4.2 km,6 mins,10.2 km,11 mins,23.2 km,24 mins,19.8 km,1 hour 11 mins,12.1 km,14 mins,5.0 km,20 mins,7.6 km,10 mins,22.8 km,23 mins,3.8 km,17 mins,1.0 km,4 mins,3.5 km,10 mins,4.7 km,8 mins,3.4 km,9 mins,3.0 km,8 mins,15.8 km,52 mins,3.3 km,9 mins,5.3 km,7 mins,9.9 km,10 mins,2.6 km,6 mins,1000 km,4000 mins,1000 km,4000 mins,1000 km,4000 mins,1000 km,4000 mins,1000 km,4000 mins,1000 km,4000 mins,1000 km,4000 mins,1000 km,4000 mins,1000 km,4000 mins,1000 km,4000 mins,1000 km,4000 mins,1000 km,4000 mins,1000 km,4000 mins,1000 km,4000 mins,1000 km,4000 mins,1000 km,4000 mins,1000 km,4000 mins,1000 km,4000 mins,1000 km,4000 mins,1000 km,4000 mins,1000 km,4000 mins,1000 km,4000 mins,1000 km,4000 mins,1000 km,4000 mins
5,78865175,13.7 km,17 mins,25.1 km,26 mins,13.4 km,18 mins,18.5 km,24 mins,30.9 km,36 mins,19.2 km,19 mins,27.9 km,30 mins,42.2 km,41 mins,3.3 km,13 mins,29.8 km,33 mins,16.3 km,54 mins,16.8 km,19 mins,0.5 km,1 min,14.1 km,47 mins,17.2 km,59 mins,12.6 km,16 mins,14.2 km,18 mins,13.1 km,17 mins,13.2 km,18 mins,31.8 km,1 hour 49 mins,14.2 km,18 mins,23.0 km,27 mins,27.6 km,30 mins,21.6 km,24 mins,1000 km,4000 mins,1000 km,4000 mins,1000 km,4000 mins,1000 km,4000 mins,1000 km,4000 mins,1000 km,4000 mins,1000 km,4000 mins,1000 km,4000 mins,1000 km,4000 mins,1000 km,4000 mins,1000 km,4000 mins,1000 km,4000 mins,1000 km,4000 mins,1000 km,4000 mins,1000 km,4000 mins,1000 km,4000 mins,1000 km,4000 mins,1000 km,4000 mins,1000 km,4000 mins,1000 km,4000 mins,1000 km,4000 mins,1000 km,4000 mins,1000 km,4000 mins,1000 km,4000 mins
6,78867322,4.1 km,6 mins,15.8 km,16 mins,1.4 km,4 mins,3.8 km,11 mins,18.5 km,24 mins,3.4 km,5 mins,15.4 km,18 mins,26.5 km,28 mins,17.2 km,58 mins,17.4 km,20 mins,2.5 km,11 mins,5.2 km,7 mins,14.5 km,19 mins,0.3 km,2 mins,4.1 km,18 mins,1.6 km,4 mins,4.5 km,7 mins,1.7 km,4 mins,1.9 km,5 mins,19.3 km,1 hour 8 mins,0.3 km,1 min,10.6 km,14 mins,15.2 km,17 mins,5.9 km,10 mins,1000 km,4000 mins,1000 km,4000 mins,1000 km,4000 mins,1000 km,4000 mins,1000 km,4000 mins,1000 km,4000 mins,1000 km,4000 mins,1000 km,4000 mins,1000 km,4000 mins,1000 km,4000 mins,1000 km,4000 mins,1000 km,4000 mins,1000 km,4000 mins,1000 km,4000 mins,1000 km,4000 mins,1000 km,4000 mins,1000 km,4000 mins,1000 km,4000 mins,1000 km,4000 mins,1000 km,4000 mins,1000 km,4000 mins,1000 km,4000 mins,1000 km,4000 mins,1000 km,4000 mins
7,78873790,1.8 km,4 mins,16.5 km,18 mins,1.5 km,4 mins,4.3 km,11 mins,17.5 km,25 mins,4.1 km,7 mins,14.4 km,19 mins,25.5 km,29 mins,16.2 km,54 mins,16.4 km,22 mins,3.5 km,12 mins,5.9 km,9 mins,13.1 km,18 mins,0.9 km,3 mins,4.1 km,17 mins,0.7 km,2 mins,2.3 km,5 mins,0.9 km,2 mins,1.2 km,3 mins,19.3 km,1 hour 7 mins,1.4 km,4 mins,9.6 km,16 mins,14.2 km,19 mins,4.9 km,12 mins,1000 km,4000 mins,1000 km,4000 mins,1000 km,4000 mins,1000 km,4000 mins,1000 km,4000 mins,1000 km,4000 mins,1000 km,4000 mins,1000 km,4000 mins,1000 km,4000 mins,1000 km,4000 mins,1000 km,4000 mins,1000 km,4000 mins,1000 km,4000 mins,1000 km,4000 mins,1000 km,4000 mins,1000 km,4000 mins,1000 km,4000 mins,1000 km,4000 mins,1000 km,4000 mins,1000 km,4000 mins,1000 km,4000 mins,1000 km,4000 mins,1000 km,4000 mins,1000 km,4000 mins
8,78899980,3.7 km,5 mins,15.4 km,15 mins,1.7 km,4 mins,4.1 km,11 mins,18.1 km,22 mins,3.0 km,4 mins,15.0 km,16 mins,26.1 km,26 mins,17.2 km,57 mins,17.0 km,19 mins,2.4 km,8 mins,4.8 km,6 mins,14.1 km,17 mins,0.5 km,1 min,4.3 km,19 mins,1.7 km,4 mins,4.1 km,6 mins,1.8 km,4 mins,2.2 km,5 mins,19.5 km,1 hour 8 mins,0.5 km,1 min,10.2 km,13 mins,14.8 km,16 mins,5.5 km,9 mins,1000 km,4000 mins,1000 km,4000 mins,1000 km,4000 mins,1000 km,4000 mins,1000 km,4000 mins,1000 km,4000 mins,1000 km,4000 mins,1000 km,4000 mins,1000 km,4000 mins,1000 km,4000 mins,1000 km,4000 mins,1000 km,4000 mins,1000 km,4000 mins,1000 km,4000 mins,1000 km,4000 mins,1000 km,4000 mins,1000 km,4000 mins,1000 km,4000 mins,1000 km,4000 mins,1000 km,4000 mins,1000 km,4000 mins,1000 km,4000 mins,1000 km,4000 mins,1000 km,4000 mins
9,79591205,2.2 km,5 mins,19.3 km,20 mins,1.8 km,5 mins,1.6 km,5 mins,14.8 km,19 mins,3.9 km,8 mins,11.7 km,13 mins,23.9 km,27 mins,18.6 km,1 hour 4 mins,13.7 km,16 mins,4.1 km,17 mins,8.7 km,12 mins,14.7 km,19 mins,2.9 km,14 mins,2.0 km,10 mins,2.4 km,6 mins,1.0 km,3 mins,1.8 km,5 mins,1.4 km,4 mins,17.2 km,1 hour 0 mins,4.8 km,8 mins,6.8 km,9 mins,11.5 km,12 mins,3.4 km,10 mins,1000 km,4000 mins,1000 km,4000 mins,1000 km,4000 mins,1000 km,4000 mins,1000 km,4000 mins,1000 km,4000 mins,1000 km,4000 mins,1000 km,4000 mins,1000 km,4000 mins,1000 km,4000 mins,1000 km,4000 mins,1000 km,4000 mins,1000 km,4000 mins,1000 km,4000 mins,1000 km,4000 mins,1000 km,4000 mins,1000 km,4000 mins,1000 km,4000 mins,1000 km,4000 mins,1000 km,4000 mins,1000 km,4000 mins,1000 km,4000 mins,1000 km,4000 mins,1000 km,4000 mins
10,79598982,15.3 km,18 mins,33.2 km,35 mins,16.7 km,21 mins,14.2 km,20 mins,19.3 km,24 mins,18.4 km,22 mins,19.0 km,23 mins,34.6 km,38 mins,27.3 km,1 hour 29 mins,20.5 km,25 mins,19.4 km,1 hour 13 mins,22.6 km,26 mins,26.2 km,31 mins,18.2 km,1 hour 9 mins,15.2 km,55 mins,16.3 km,21 mins,14.9 km,17 mins,16.4 km,20 mins,16.2 km,19 mins,11.5 km,43 mins,18.7 km,22 mins,14.6 km,19 mins,19.6 km,24 mins,16.8 km,23 mins,1000 km,4000 mins,1000 km,4000 mins,1000 km,4000 mins,1000 km,4000 mins,1000 km,4000 mins,1000 km,4000 mins,1000 km,4000 mins,1000 km,4000 mins,1000 km,4000 mins,1000 km,4000 mins,1000 km,4000 mins,1000 km,4000 mins,1000 km,4000 mins,1000 km,4000 mins,1000 km,4000 mins,1000 km,4000 mins,1000 km,4000 mins,1000 km,4000 mins,1000 km,4000 mins,1000 km,4000 mins,1000 km,4000 mins,1000 km,4000 mins,1000 km,4000 mins,1000 km,4000 mins
11,79600570,5.1 km,11 mins,17.9 km,19 mins,3.3 km,7 mins,1.3 km,6 mins,13.7 km,18 mins,3.9 km,6 mins,10.6 km,12 mins,23.0 km,24 mins,20.4 km,1 hour 10 mins,12.6 km,15 mins,5.2 km,20 mins,7.3 km,10 mins,22.5 km,23 mins,4.0 km,16 mins,1.3 km,5 mins,4.0 km,10 mins,4.2 km,9 mins,3.9 km,9 mins,3.5 km,8 mins,16.4 km,55 mins,3.8 km,9 mins,5.7 km,8 mins,10.3 km,11 mins,2.4 km,6 mins,1000 km,4000 mins,1000 km,4000 mins,1000 km,4000 mins,1000 km,4000 mins,1000 km,4000 mins,1000 km,4000 mins,1000 km,4000 mins,1000 km,4000 mins,1000 km,4000 mins,1000 km,4000 mins,1000 km,4000 mins,1000 km,4000 mins,1000 km,4000 mins,1000 km,4000 mins,1000 km,4000 mins,1000 km,4000 mins,1000 km,4000 mins,1000 km,4000 mins,1000 km,4000 mins,1000 km,4000 mins,1000 km,4000 mins,1000 km,4000 mins,1000 km,4000 mins,1000 km,4000 mins
12,82135699,3.7 km,5 mins,15.4 km,15 mins,1.7 km,4 mins,4.1 km,11 mins,18.2 km,23 mins,3.1 km,4 mins,15.1 km,17 mins,26.1 km,27 mins,17.2 km,57 mins,17.1 km,19 mins,2.5 km,8 mins,4.8 km,7 mins,14.1 km,18 mins,0.6 km,2 mins,4.4 km,19 mins,1.7 km,4 mins,4.2 km,6 mins,1.9 km,4 mins,2.2 km,5 mins,19.6 km,1 hour 9 mins,0.6 km,2 mins,10.2 km,13 mins,14.8 km,16 mins,5.6 km,9 mins,1000 km,4000 mins,1000 km,4000 mins,1000 km,4000 mins,1000 km,4000 mins,1000 km,4000 mins,1000 km,4000 mins,1000 km,4000 mins,1000 km,4000 mins,1000 km,4000 mins,1000 km,4000 mins,1000 km,4000 mins,1000 km,4000 mins,1000 km,4000 mins,1000 km,4000 mins,1000 km,4000 mins,1000 km,4000 mins,1000 km,4000 mins,1000 km,4000 mins,1000 km,4000 mins,1000 km,4000 mins,1000 km,4000 mins,1000 km,4000 mins,1000 km,4000 mins,1000 km,4000 mins
13,87274454,10.6 km,14 mins,22.1 km,22 mins,10.4 km,15 mins,14.0 km,21 mins,26.9 km,34 mins,16.2 km,16 mins,23.8 km,28 mins,39.3 km,38 mins,6.2 km,24 mins,25.8 km,30 mins,13.5 km,46 mins,13.8 km,16 mins,3.5 km,6 mins,11.6 km,41 mins,14.8 km,53 mins,9.5 km,13 mins,11.1 km,15 mins,10.0 km,14 mins,10.1 km,14 mins,29.3 km,1 hour 43 mins,11.1 km,14 mins,19.0 km,24 mins,23.6 km,27 mins,18.7 km,21 mins,1000 km,4000 mins,1000 km,4000 mins,1000 km,4000 mins,1000 km,4000 mins,1000 km,4000 mins,1000 km,4000 mins,1000 km,4000 mins,1000 km,4000 mins,1000 km,4000 mins,1000 km,4000 mins,1000 km,4000 mins,1000 km,4000 mins,1000 km,4000 mins,1000 km,4000 mins,1000 km,4000 mins,1000 km,4000 mins,1000 km,4000 mins,1000 km,4000 mins,1000 km,4000 mins,1000 km,4000 mins,1000 km,4000 mins,1000 km,4000 mins,1000 km,4000 mins,1000 km,4000 mins
14,87835064,15.1 km,16 mins,8.2 km,9 mins,12.3 km,14 mins,11.7 km,16 mins,19.0 km,20 mins,10.1 km,10 mins,12.6 km,16 mins,19.0 km,20 mins,22.2 km,1 hour 11 mins,14.6 km,19 mins,9.6 km,31 mins,10.6 km,13 mins,22.9 km,25 mins,11.5 km,39 mins,13.7 km,42 mins,14.0 km,15 mins,13.1 km,16 mins,12.8 km,16 mins,12.4 km,15 mins,23.4 km,1 hour 17 mins,12.8 km,14 mins,12.0 km,14 mins,12.4 km,16 mins,8.8 km,10 mins,1000 km,4000 mins,1000 km,4000 mins,1000 km,4000 mins,1000 km,4000 mins,1000 km,4000 mins,1000 km,4000 mins,1000 km,4000 mins,1000 km,4000 mins,1000 km,4000 mins,1000 km,4000 mins,1000 km,4000 mins,1000 km,4000 mins,1000 km,4000 mins,1000 km,4000 mins,1000 km,4000 mins,1000 km,4000 mins,1000 km,4000 mins,1000 km,4000 mins,1000 km,4000 mins,1000 km,4000 mins,1000 km,4000 mins,1000 km,4000 mins,1000 km,4000 mins,1000 km,4000 mins
15,87852633,13.0 km,17 mins,26.2 km,27 mins,12.8 km,18 mins,19.4 km,21 mins,31.8 km,34 mins,15.7 km,19 mins,28.7 km,28 mins,38.8 km,41 mins,7.4 km,28 mins,30.7 km,30 mins,15.0 km,50 mins,17.9 km,21 mins,4.9 km,7 mins,13.3 km,44 mins,16.5 km,56 mins,11.9 km,15 mins,13.5 km,17 mins,12.5 km,16 mins,12.6 km,17 mins,29.1 km,1 hour 42 mins,13.6 km,17 mins,23.9 km,24 mins,28.5 km,27 mins,18.2 km,23 mins,1000 km,4000 mins,1000 km,4000 mins,1000 km,4000 mins,1000 km,4000 mins,1000 km,4000 mins,1000 km,4000 mins,1000 km,4000 mins,1000 km,4000 mins,1000 km,4000 mins,1000 km,4000 mins,1000 km,4000 mins,1000 km,4000 mins,1000 km,4000 mins,1000 km,4000 mins,1000 km,4000 mins,1000 km,4000 mins,1000 km,4000 mins,1000 km,4000 mins,1000 km,4000 mins,1000 km,4000 mins,1000 km,4000 mins,1000 km,4000 mins,1000 km,4000 mins,1000 km,4000 mins
16,88588548,4.9 km,10 mins,18.1 km,20 mins,3.5 km,8 mins,1.2 km,5 mins,13.5 km,19 mins,4.1 km,6 mins,10.5 km,13 mins,23.1 km,25 mins,19.9 km,1 hour 11 mins,12.4 km,15 mins,5.6 km,21 mins,7.5 km,11 mins,22.7 km,24 mins,4.5 km,17 mins,1.2 km,4 mins,4.2 km,11 mins,4.3 km,10 mins,4.1 km,10 mins,3.7 km,9 mins,16.3 km,55 mins,4.0 km,10 mins,5.6 km,9 mins,10.2 km,12 mins,2.5 km,7 mins,1000 km,4000 mins,1000 km,4000 mins,1000 km,4000 mins,1000 km,4000 mins,1000 km,4000 mins,1000 km,4000 mins,1000 km,4000 mins,1000 km,4000 mins,1000 km,4000 mins,1000 km,4000 mins,1000 km,4000 mins,1000 km,4000 mins,1000 km,4000 mins,1000 km,4000 mins,1000 km,4000 mins,1000 km,4000 mins,1000 km,4000 mins,1000 km,4000 mins,1000 km,4000 mins,1000 km,4000 mins,1000 km,4000 mins,1000 km,4000 mins,1000 km,4000 mins,1000 km,4000 mins
17,88672872,6.5 km,9 mins,24.4 km,26 mins,7.9 km,12 mins,6.5 km,11 mins,18.4 km,23 mins,10.6 km,13 mins,15.3 km,17 mins,29.6 km,32 mins,20.3 km,1 hour 9 mins,17.3 km,19 mins,10.2 km,41 mins,13.8 km,17 mins,19.8 km,25 mins,11.4 km,40 mins,6.0 km,24 mins,7.5 km,11 mins,6.1 km,8 mins,7.6 km,11 mins,7.4 km,10 mins,14.7 km,52 mins,9.9 km,13 mins,8.4 km,12 mins,15.1 km,16 mins,9.0 km,14 mins,1000 km,4000 mins,1000 km,4000 mins,1000 km,4000 mins,1000 km,4000 mins,1000 km,4000 mins,1000 km,4000 mins,1000 km,4000 mins,1000 km,4000 mins,1000 km,4000 mins,1000 km,4000 mins,1000 km,4000 mins,1000 km,4000 mins,1000 km,4000 mins,1000 km,4000 mins,1000 km,4000 mins,1000 km,4000 mins,1000 km,4000 mins,1000 km,4000 mins,1000 km,4000 mins,1000 km,4000 mins,1000 km,4000 mins,1000 km,4000 mins,1000 km,4000 mins,1000 km,4000 mins
18,97922195,3.5 km,7 mins,16.4 km,17 mins,1.7 km,3 mins,2.9 km,8 mins,16.6 km,21 mins,2.4 km,3 mins,13.5 km,15 mins,24.6 km,25 mins,18.7 km,1 hour 6 mins,15.5 km,18 mins,2.6 km,12 mins,5.8 km,8 mins,15.8 km,21 mins,2.2 km,11 mins,2.9 km,14 mins,2.4 km,6 mins,2.5 km,5 mins,2.3 km,5 mins,1.9 km,4 mins,18.1 km,1 hour 4 mins,2.2 km,5 mins,8.6 km,11 mins,13.3 km,14 mins,4.0 km,7 mins,1000 km,4000 mins,1000 km,4000 mins,1000 km,4000 mins,1000 km,4000 mins,1000 km,4000 mins,1000 km,4000 mins,1000 km,4000 mins,1000 km,4000 mins,1000 km,4000 mins,1000 km,4000 mins,1000 km,4000 mins,1000 km,4000 mins,1000 km,4000 mins,1000 km,4000 mins,1000 km,4000 mins,1000 km,4000 mins,1000 km,4000 mins,1000 km,4000 mins,1000 km,4000 mins,1000 km,4000 mins,1000 km,4000 mins,1000 km,4000 mins,1000 km,4000 mins,1000 km,4000 mins
19,98085031,1.8 km,4 mins,17.6 km,18 mins,1.4 km,4 mins,4.2 km,11 mins,17.4 km,25 mins,5.3 km,7 mins,14.4 km,19 mins,25.4 km,29 mins,16.5 km,55 mins,16.3 km,22 mins,3.4 km,14 mins,7.0 km,10 mins,13.0 km,18 mins,0.8 km,4 mins,3.7 km,17 mins,0.7 km,2 mins,2.2 km,5 mins,0.8 km,2 mins,1.2 km,3 mins,18.9 km,1 hour 7 mins,1.0 km,4 mins,9.5 km,16 mins,14.1 km,19 mins,4.8 km,12 mins,1000 km,4000 mins,1000 km,4000 mins,1000 km,4000 mins,1000 km,4000 mins,1000 km,4000 mins,1000 km,4000 mins,1000 km,4000 mins,1000 km,4000 mins,1000 km,4000 mins,1000 km,4000 mins,1000 km,4000 mins,1000 km,4000 mins,1000 km,4000 mins,1000 km,4000 mins,1000 km,4000 mins,1000 km,4000 mins,1000 km,4000 mins,1000 km,4000 mins,1000 km,4000 mins,1000 km,4000 mins,1000 km,4000 mins,1000 km,4000 mins,1000 km,4000 mins,1000 km,4000 mins
20,167937489,4.8 km,9 mins,18.4 km,20 mins,3.3 km,9 mins,1.5 km,5 mins,13.5 km,18 mins,4.5 km,7 mins,10.4 km,12 mins,23.5 km,25 mins,20.2 km,1 hour 12 mins,12.4 km,15 mins,5.5 km,22 mins,7.8 km,11 mins,20.7 km,24 mins,4.3 km,18 mins,1.5 km,5 mins,4.0 km,11 mins,4.8 km,8 mins,3.9 km,10 mins,3.5 km,9 mins,15.5 km,51 mins,3.8 km,10 mins,5.6 km,8 mins,10.2 km,11 mins,2.9 km,7 mins,1000 km,4000 mins,1000 km,4000 mins,1000 km,4000 mins,1000 km,4000 mins,1000 km,4000 mins,1000 km,4000 mins,1000 km,4000 mins,1000 km,4000 mins,1000 km,4000 mins,1000 km,4000 mins,1000 km,4000 mins,1000 km,4000 mins,1000 km,4000 mins,1000 km,4000 mins,1000 km,4000 mins,1000 km,4000 mins,1000 km,4000 mins,1000 km,4000 mins,1000 km,4000 mins,1000 km,4000 mins,1000 km,4000 mins,1000 km,4000 mins,1000 km,4000 mins,1000 km,4000 mins
21,188178602,3.1 km,6 mins,16.9 km,18 mins,2.9 km,7 mins,6.4 km,13 mins,19.4 km,26 mins,4.5 km,7 mins,16.3 km,20 mins,27.6 km,29 mins,15.0 km,49 mins,18.3 km,22 mins,3.9 km,13 mins,6.3 km,9 mins,11.2 km,14 mins,2.5 km,7 mins,5.0 km,20 mins,2.0 km,5 mins,3.6 km,7 mins,2.5 km,6 mins,2.6 km,6 mins,20.2 km,1 hour 10 mins,2.4 km,5 mins,11.4 km,16 mins,16.1 km,19 mins,7.0 km,11 mins,1000 km,4000 mins,1000 km,4000 mins,1000 km,4000 mins,1000 km,4000 mins,1000 km,4000 mins,1000 km,4000 mins,1000 km,4000 mins,1000 km,4000 mins,1000 km,4000 mins,1000 km,4000 mins,1000 km,4000 mins,1000 km,4000 mins,1000 km,4000 mins,1000 km,4000 mins,1000 km,4000 mins,1000 km,4000 mins,1000 km,4000 mins,1000 km,4000 mins,1000 km,4000 mins,1000 km,4000 mins,1000 km,4000 mins,1000 km,4000 mins,1000 km,4000 mins,1000 km,4000 mins
22,192451998,8.4 km,10 mins,15.9 km,16 mins,3.7 km,7 mins,3.7 km,8 mins,13.9 km,19 mins,3.4 km,4 mins,10.9 km,13 mins,21.3 km,20 mins,21.1 km,1 hour 12 mins,12.8 km,16 mins,4.0 km,15 mins,6.8 km,9 mins,22.0 km,22 mins,4.7 km,18 mins,5.0 km,17 mins,4.4 km,10 mins,4.6 km,9 mins,4.3 km,9 mins,3.9 km,8 mins,20.0 km,1 hour 5 mins,4.2 km,9 mins,6.8 km,10 mins,10.6 km,12 mins,0.8 km,2 mins,1000 km,4000 mins,1000 km,4000 mins,1000 km,4000 mins,1000 km,4000 mins,1000 km,4000 mins,1000 km,4000 mins,1000 km,4000 mins,1000 km,4000 mins,1000 km,4000 mins,1000 km,4000 mins,1000 km,4000 mins,1000 km,4000 mins,1000 km,4000 mins,1000 km,4000 mins,1000 km,4000 mins,1000 km,4000 mins,1000 km,4000 mins,1000 km,4000 mins,1000 km,4000 mins,1000 km,4000 mins,1000 km,4000 mins,1000 km,4000 mins,1000 km,4000 mins,1000 km,4000 mins
23,197274024,5.0 km,6 mins,14.0 km,13 mins,2.1 km,4 mins,5.6 km,9 mins,16.7 km,21 mins,1.6 km,2 mins,13.6 km,15 mins,24.6 km,25 mins,18.7 km,1 hour 3 mins,15.6 km,18 mins,1.0 km,3 mins,3.4 km,5 mins,18.5 km,18 mins,1.8 km,7 mins,4.7 km,18 mins,3.9 km,5 mins,5.5 km,7 mins,4.4 km,6 mins,2.5 km,5 mins,19.9 km,1 hour 8 mins,1.7 km,5 mins,8.7 km,11 mins,13.4 km,14 mins,4.1 km,7 mins,1000 km,4000 mins,1000 km,4000 mins,1000 km,4000 mins,1000 km,4000 mins,1000 km,4000 mins,1000 km,4000 mins,1000 km,4000 mins,1000 km,4000 mins,1000 km,4000 mins,1000 km,4000 mins,1000 km,4000 mins,1000 km,4000 mins,1000 km,4000 mins,1000 km,4000 mins,1000 km,4000 mins,1000 km,4000 mins,1000 km,4000 mins,1000 km,4000 mins,1000 km,4000 mins,1000 km,4000 mins,1000 km,4000 mins,1000 km,4000 mins,1000 km,4000 mins,1000 km,4000 mins
24,197278699,22.7 km,23 mins,8.3 km,10 mins,20.4 km,22 mins,23.6 km,27 mins,23.9 km,25 mins,19.5 km,19 mins,25.3 km,29 mins,18.2 km,19 mins,25.5 km,1 hour 17 mins,24.5 km,25 mins,20.2 km,1 hour 4 mins,17.8 km,18 mins,27.4 km,29 mins,22.3 km,1 hour 12 mins,27.8 km,1 hour 27 mins,21.6 km,22 mins,23.2 km,24 mins,22.2 km,23 mins,23.0 km,23 mins,34.9 km,1 hour 54 mins,20.5 km,22 mins,24.3 km,27 mins,25.0 km,28 mins,21.1 km,22 mins,1000 km,4000 mins,1000 km,4000 mins,1000 km,4000 mins,1000 km,4000 mins,1000 km,4000 mins,1000 km,4000 mins,1000 km,4000 mins,1000 km,4000 mins,1000 km,4000 mins,1000 km,4000 mins,1000 km,4000 mins,1000 km,4000 mins,1000 km,4000 mins,1000 km,4000 mins,1000 km,4000 mins,1000 km,4000 mins,1000 km,4000 mins,1000 km,4000 mins,1000 km,4000 mins,1000 km,4000 mins,1000 km,4000 mins,1000 km,4000 mins,1000 km,4000 mins,1000 km,4000 mins
25,205495806,4.8 km,9 mins,18.3 km,20 mins,3.2 km,9 mins,1.2 km,4 mins,13.4 km,18 mins,4.3 km,6 mins,10.3 km,12 mins,23.3 km,25 mins,19.9 km,1 hour 12 mins,12.3 km,15 mins,5.2 km,21 mins,7.7 km,11 mins,20.6 km,24 mins,4.0 km,17 mins,1.1 km,4 mins,3.8 km,11 mins,4.7 km,8 mins,3.7 km,10 mins,3.3 km,9 mins,15.8 km,52 mins,3.6 km,10 mins,5.4 km,8 mins,10.0 km,11 mins,2.7 km,7 mins,1000 km,4000 mins,1000 km,4000 mins,1000 km,4000 mins,1000 km,4000 mins,1000 km,4000 mins,1000 km,4000 mins,1000 km,4000 mins,1000 km,4000 mins,1000 km,4000 mins,1000 km,4000 mins,1000 km,4000 mins,1000 km,4000 mins,1000 km,4000 mins,1000 km,4000 mins,1000 km,4000 mins,1000 km,4000 mins,1000 km,4000 mins,1000 km,4000 mins,1000 km,4000 mins,1000 km,4000 mins,1000 km,4000 mins,1000 km,4000 mins,1000 km,4000 mins,1000 km,4000 mins
26,213156949,5.2 km,11 mins,16.6 km,18 mins,3.4 km,8 mins,3.3 km,9 mins,14.4 km,20 mins,3.2 km,5 mins,11.3 km,14 mins,21.4 km,22 mins,20.7 km,1 hour 10 mins,13.3 km,17 mins,4.4 km,19 mins,6.5 km,10 mins,21.7 km,23 mins,4.3 km,16 mins,3.2 km,11 mins,4.0 km,11 mins,4.2 km,10 mins,3.9 km,10 mins,3.5 km,9 mins,20.1 km,1 hour 6 mins,3.8 km,10 mins,6.4 km,10 mins,11.0 km,13 mins,0.7 km,2 mins,1000 km,4000 mins,1000 km,4000 mins,1000 km,4000 mins,1000 km,4000 mins,1000 km,4000 mins,1000 km,4000 mins,1000 km,4000 mins,1000 km,4000 mins,1000 km,4000 mins,1000 km,4000 mins,1000 km,4000 mins,1000 km,4000 mins,1000 km,4000 mins,1000 km,4000 mins,1000 km,4000 mins,1000 km,4000 mins,1000 km,4000 mins,1000 km,4000 mins,1000 km,4000 mins,1000 km,4000 mins,1000 km,4000 mins,1000 km,4000 mins,1000 km,4000 mins,1000 km,4000 mins
27,243033408,5.5 km,11 mins,15.9 km,16 mins,3.7 km,7 mins,3.7 km,8 mins,13.9 km,19 mins,3.5 km,4 mins,10.9 km,13 mins,21.2 km,20 mins,21.1 km,1 hour 12 mins,12.8 km,16 mins,4.0 km,15 mins,6.8 km,9 mins,22.0 km,22 mins,4.7 km,18 mins,5.0 km,17 mins,4.4 km,10 mins,4.5 km,9 mins,4.3 km,9 mins,3.9 km,8 mins,20.0 km,1 hour 5 mins,4.2 km,9 mins,6.8 km,10 mins,10.6 km,12 mins,0.8 km,2 mins,1000 km,4000 mins,1000 km,4000 mins,1000 km,4000 mins,1000 km,4000 mins,1000 km,4000 mins,1000 km,4000 mins,1000 km,4000 mins,1000 km,4000 mins,1000 km,4000 mins,1000 km,4000 mins,1000 km,4000 mins,1000 km,4000 mins,1000 km,4000 mins,1000 km,4000 mins,1000 km,4000 mins,1000 km,4000 mins,1000 km,4000 mins,1000 km,4000 mins,1000 km,4000 mins,1000 km,4000 mins,1000 km,4000 mins,1000 km,4000 mins,1000 km,4000 mins,1000 km,4000 mins
28,297413132,25.7 km,23 mins,27.0 km,28 mins,23.7 km,23 mins,27.7 km,29 mins,38.7 km,40 mins,23.7 km,21 mins,35.7 km,34 mins,46.7 km,44 mins,1.7 km,6 mins,37.6 km,37 mins,19.5 km,1 hour 3 mins,21.3 km,22 mins,4.5 km,7 mins,17.9 km,58 mins,21.4 km,1 hour 13 mins,24.6 km,22 mins,26.2 km,24 mins,25.1 km,23 mins,26.0 km,23 mins,36.0 km,2 hours 2 mins,23.3 km,21 mins,30.8 km,30 mins,35.4 km,33 mins,26.1 km,26 mins,1000 km,4000 mins,1000 km,4000 mins,1000 km,4000 mins,1000 km,4000 mins,1000 km,4000 mins,1000 km,4000 mins,1000 km,4000 mins,1000 km,4000 mins,1000 km,4000 mins,1000 km,4000 mins,1000 km,4000 mins,1000 km,4000 mins,1000 km,4000 mins,1000 km,4000 mins,1000 km,4000 mins,1000 km,4000 mins,1000 km,4000 mins,1000 km,4000 mins,1000 km,4000 mins,1000 km,4000 mins,1000 km,4000 mins,1000 km,4000 mins,1000 km,4000 mins,1000 km,4000 mins
29,298597763,2.0 km,5 mins,16.4 km,18 mins,1.0 km,3 mins,4.1 km,12 mins,17.3 km,26 mins,4.0 km,7 mins,14.2 km,20 mins,25.3 km,30 mins,16.6 km,55 mins,16.2 km,23 mins,3.3 km,14 mins,5.8 km,10 mins,13.2 km,18 mins,0.7 km,3 mins,3.5 km,17 mins,0.9 km,3 mins,2.1 km,5 mins,1.1 km,3 mins,1.0 km,3 mins,18.8 km,1 hour 6 mins,0.8 km,3 mins,9.4 km,16 mins,14.0 km,19 mins,4.7 km,12 mins,1000 km,4000 mins,1000 km,4000 mins,1000 km,4000 mins,1000 km,4000 mins,1000 km,4000 mins,1000 km,4000 mins,1000 km,4000 mins,1000 km,4000 mins,1000 km,4000 mins,1000 km,4000 mins,1000 km,4000 mins,1000 km,4000 mins,1000 km,4000 mins,1000 km,4000 mins,1000 km,4000 mins,1000 km,4000 mins,1000 km,4000 mins,1000 km,4000 mins,1000 km,4000 mins,1000 km,4000 mins,1000 km,4000 mins,1000 km,4000 mins,1000 km,4000 mins,1000 km,4000 mins
30,315244686,2.9 km,6 mins,16.2 km,17 mins,1.1 km,2 mins,2.4 km,7 mins,15.3 km,20 mins,3.2 km,5 mins,12.2 km,14 mins,23.2 km,24 mins,18.4 km,1 hour 4 mins,14.2 km,17 mins,3.2 km,13 mins,5.6 km,9 mins,15.2 km,20 mins,2.0 km,10 mins,2.4 km,13 mins,1.7 km,5 mins,1.9 km,4 mins,1.6 km,4 mins,1.2 km,3 mins,17.6 km,1 hour 2 mins,1.5 km,4 mins,7.3 km,11 mins,11.9 km,14 mins,2.7 km,7 mins,1000 km,4000 mins,1000 km,4000 mins,1000 km,4000 mins,1000 km,4000 mins,1000 km,4000 mins,1000 km,4000 mins,1000 km,4000 mins,1000 km,4000 mins,1000 km,4000 mins,1000 km,4000 mins,1000 km,4000 mins,1000 km,4000 mins,1000 km,4000 mins,1000 km,4000 mins,1000 km,4000 mins,1000 km,4000 mins,1000 km,4000 mins,1000 km,4000 mins,1000 km,4000 mins,1000 km,4000 mins,1000 km,4000 mins,1000 km,4000 mins,1000 km,4000 mins,1000 km,4000 mins
31,334442311,12.3 km,16 mins,25.5 km,27 mins,11.8 km,17 mins,9.1 km,12 mins,9.9 km,14 mins,11.6 km,14 mins,4.5 km,7 mins,25.1 km,28 mins,29.0 km,1 hour 36 mins,7.2 km,12 mins,12.8 km,49 mins,14.9 km,18 mins,28.1 km,31 mins,11.6 km,46 mins,9.5 km,33 mins,13.2 km,18 mins,12.2 km,15 mins,12.3 km,18 mins,11.9 km,17 mins,9.6 km,29 mins,12.2 km,18 mins,4.9 km,7 mins,4.7 km,7 mins,10.0 km,14 mins,1000 km,4000 mins,1000 km,4000 mins,1000 km,4000 mins,1000 km,4000 mins,1000 km,4000 mins,1000 km,4000 mins,1000 km,4000 mins,1000 km,4000 mins,1000 km,4000 mins,1000 km,4000 mins,1000 km,4000 mins,1000 km,4000 mins,1000 km,4000 mins,1000 km,4000 mins,1000 km,4000 mins,1000 km,4000 mins,1000 km,4000 mins,1000 km,4000 mins,1000 km,4000 mins,1000 km,4000 mins,1000 km,4000 mins,1000 km,4000 mins,1000 km,4000 mins,1000 km,4000 mins
32,334811042,5.2 km,11 mins,17.2 km,18 mins,3.4 km,7 mins,3.4 km,8 mins,14.4 km,19 mins,3.2 km,4 mins,11.3 km,13 mins,21.0 km,21 mins,20.8 km,1 hour 10 mins,13.3 km,16 mins,4.7 km,20 mins,6.6 km,9 mins,21.8 km,22 mins,4.5 km,17 mins,4.2 km,14 mins,4.1 km,10 mins,4.2 km,9 mins,4.0 km,9 mins,3.6 km,8 mins,19.6 km,1 hour 4 mins,3.9 km,9 mins,6.5 km,9 mins,11.1 km,12 mins,1.2 km,3 mins,1000 km,4000 mins,1000 km,4000 mins,1000 km,4000 mins,1000 km,4000 mins,1000 km,4000 mins,1000 km,4000 mins,1000 km,4000 mins,1000 km,4000 mins,1000 km,4000 mins,1000 km,4000 mins,1000 km,4000 mins,1000 km,4000 mins,1000 km,4000 mins,1000 km,4000 mins,1000 km,4000 mins,1000 km,4000 mins,1000 km,4000 mins,1000 km,4000 mins,1000 km,4000 mins,1000 km,4000 mins,1000 km,4000 mins,1000 km,4000 mins,1000 km,4000 mins,1000 km,4000 mins
33,352744112,6.0 km,10 mins,17.5 km,18 mins,3.7 km,8 mins,2.4 km,7 mins,13.4 km,18 mins,3.5 km,5 mins,10.4 km,12 mins,22.3 km,23 mins,20.9 km,1 hour 11 mins,12.3 km,15 mins,5.7 km,21 mins,6.9 km,9 mins,22.1 km,23 mins,4.5 km,17 mins,2.5 km,9 mins,4.4 km,10 mins,4.6 km,9 mins,4.3 km,9 mins,3.9 km,8 mins,16.0 km,54 mins,4.2 km,9 mins,5.5 km,8 mins,10.1 km,11 mins,2.0 km,6 mins,1000 km,4000 mins,1000 km,4000 mins,1000 km,4000 mins,1000 km,4000 mins,1000 km,4000 mins,1000 km,4000 mins,1000 km,4000 mins,1000 km,4000 mins,1000 km,4000 mins,1000 km,4000 mins,1000 km,4000 mins,1000 km,4000 mins,1000 km,4000 mins,1000 km,4000 mins,1000 km,4000 mins,1000 km,4000 mins,1000 km,4000 mins,1000 km,4000 mins,1000 km,4000 mins,1000 km,4000 mins,1000 km,4000 mins,1000 km,4000 mins,1000 km,4000 mins,1000 km,4000 mins
34,432156741,15.6 km,17 mins,6.7 km,7 mins,12.7 km,15 mins,12.2 km,17 mins,18.6 km,21 mins,10.6 km,11 mins,13.1 km,17 mins,18.6 km,20 mins,22.5 km,1 hour 12 mins,15.0 km,20 mins,10.1 km,32 mins,10.9 km,13 mins,22.5 km,25 mins,12.0 km,41 mins,14.2 km,43 mins,14.5 km,16 mins,13.6 km,17 mins,13.3 km,17 mins,12.9 km,16 mins,23.6 km,1 hour 18 mins,13.3 km,15 mins,12.5 km,15 mins,12.8 km,17 mins,9.3 km,11 mins,1000 km,4000 mins,1000 km,4000 mins,1000 km,4000 mins,1000 km,4000 mins,1000 km,4000 mins,1000 km,4000 mins,1000 km,4000 mins,1000 km,4000 mins,1000 km,4000 mins,1000 km,4000 mins,1000 km,4000 mins,1000 km,4000 mins,1000 km,4000 mins,1000 km,4000 mins,1000 km,4000 mins,1000 km,4000 mins,1000 km,4000 mins,1000 km,4000 mins,1000 km,4000 mins,1000 km,4000 mins,1000 km,4000 mins,1000 km,4000 mins,1000 km,4000 mins,1000 km,4000 mins
35,433149947,5.0 km,10 mins,17.0 km,17 mins,3.2 km,7 mins,3.1 km,7 mins,14.2 km,19 mins,3.0 km,4 mins,11.1 km,13 mins,21.5 km,21 mins,20.5 km,1 hour 10 mins,13.1 km,16 mins,5.3 km,19 mins,6.4 km,8 mins,21.6 km,22 mins,4.2 km,16 mins,3.0 km,11 mins,3.9 km,9 mins,4.0 km,8 mins,3.8 km,8 mins,3.3 km,7 mins,20.0 km,1 hour 5 mins,3.7 km,8 mins,6.2 km,9 mins,10.9 km,12 mins,0.9 km,3 mins,1000 km,4000 mins,1000 km,4000 mins,1000 km,4000 mins,1000 km,4000 mins,1000 km,4000 mins,1000 km,4000 mins,1000 km,4000 mins,1000 km,4000 mins,1000 km,4000 mins,1000 km,4000 mins,1000 km,4000 mins,1000 km,4000 mins,1000 km,4000 mins,1000 km,4000 mins,1000 km,4000 mins,1000 km,4000 mins,1000 km,4000 mins,1000 km,4000 mins,1000 km,4000 mins,1000 km,4000 mins,1000 km,4000 mins,1000 km,4000 mins,1000 km,4000 mins,1000 km,4000 mins
36,438309694,2.1 km,5 mins,19.3 km,20 mins,2.7 km,6 mins,1.8 km,5 mins,14.9 km,19 mins,4.2 km,8 mins,11.9 km,13 mins,24.2 km,28 mins,18.5 km,1 hour 4 mins,13.8 km,16 mins,4.3 km,18 mins,8.7 km,11 mins,14.7 km,19 mins,3.2 km,15 mins,1.8 km,10 mins,2.4 km,6 mins,1.0 km,2 mins,2.7 km,6 mins,2.3 km,5 mins,16.9 km,59 mins,4.8 km,7 mins,7.0 km,10 mins,11.6 km,13 mins,3.6 km,10 mins,1000 km,4000 mins,1000 km,4000 mins,1000 km,4000 mins,1000 km,4000 mins,1000 km,4000 mins,1000 km,4000 mins,1000 km,4000 mins,1000 km,4000 mins,1000 km,4000 mins,1000 km,4000 mins,1000 km,4000 mins,1000 km,4000 mins,1000 km,4000 mins,1000 km,4000 mins,1000 km,4000 mins,1000 km,4000 mins,1000 km,4000 mins,1000 km,4000 mins,1000 km,4000 mins,1000 km,4000 mins,1000 km,4000 mins,1000 km,4000 mins,1000 km,4000 mins,1000 km,4000 mins
37,446362468,5.1 km,9 mins,21.3 km,24 mins,6.1 km,12 mins,9.0 km,14 mins,21.5 km,27 mins,9.0 km,13 mins,18.4 km,21 mins,32.0 km,35 mins,13.0 km,44 mins,20.4 km,24 mins,7.7 km,29 mins,10.7 km,15 mins,10.6 km,15 mins,6.1 km,22 mins,8.7 km,33 mins,5.2 km,10 mins,7.0 km,11 mins,5.7 km,11 mins,5.8 km,11 mins,22.9 km,1 hour 20 mins,6.8 km,11 mins,13.5 km,17 mins,18.1 km,20 mins,11.5 km,18 mins,1000 km,4000 mins,1000 km,4000 mins,1000 km,4000 mins,1000 km,4000 mins,1000 km,4000 mins,1000 km,4000 mins,1000 km,4000 mins,1000 km,4000 mins,1000 km,4000 mins,1000 km,4000 mins,1000 km,4000 mins,1000 km,4000 mins,1000 km,4000 mins,1000 km,4000 mins,1000 km,4000 mins,1000 km,4000 mins,1000 km,4000 mins,1000 km,4000 mins,1000 km,4000 mins,1000 km,4000 mins,1000 km,4000 mins,1000 km,4000 mins,1000 km,4000 mins,1000 km,4000 mins
38,452687307,1.3 km,4 mins,17.1 km,17 mins,1.3 km,4 mins,4.1 km,12 mins,17.9 km,24 mins,4.7 km,6 mins,14.8 km,18 mins,27.8 km,28 mins,17.1 km,58 mins,16.8 km,21 mins,4.3 km,16 mins,6.5 km,8 mins,12.4 km,16 mins,1.8 km,7 mins,3.6 km,16 mins,0.5 km,2 mins,2.7 km,5 mins,1.0 km,3 mins,1.1 km,3 mins,18.8 km,1 hour 6 mins,2.6 km,4 mins,9.9 km,14 mins,14.5 km,17 mins,7.2 km,11 mins,1000 km,4000 mins,1000 km,4000 mins,1000 km,4000 mins,1000 km,4000 mins,1000 km,4000 mins,1000 km,4000 mins,1000 km,4000 mins,1000 km,4000 mins,1000 km,4000 mins,1000 km,4000 mins,1000 km,4000 mins,1000 km,4000 mins,1000 km,4000 mins,1000 km,4000 mins,1000 km,4000 mins,1000 km,4000 mins,1000 km,4000 mins,1000 km,4000 mins,1000 km,4000 mins,1000 km,4000 mins,1000 km,4000 mins,1000 km,4000 mins,1000 km,4000 mins,1000 km,4000 mins
39,452919640,7.6 km,11 mins,16.9 km,18 mins,4.8 km,10 mins,4.5 km,7 mins,12.7 km,17 mins,3.8 km,6 mins,9.7 km,11 mins,20.1 km,19 mins,21.9 km,1 hour 16 mins,11.6 km,14 mins,4.8 km,19 mins,8.0 km,11 mins,22.4 km,24 mins,5.6 km,22 mins,4.5 km,15 mins,5.4 km,13 mins,7.5 km,11 mins,5.3 km,12 mins,4.9 km,11 mins,18.7 km,1 hour 1 min,6.6 km,11 mins,6.6 km,9 mins,9.4 km,10 mins,2.2 km,6 mins,1000 km,4000 mins,1000 km,4000 mins,1000 km,4000 mins,1000 km,4000 mins,1000 km,4000 mins,1000 km,4000 mins,1000 km,4000 mins,1000 km,4000 mins,1000 km,4000 mins,1000 km,4000 mins,1000 km,4000 mins,1000 km,4000 mins,1000 km,4000 mins,1000 km,4000 mins,1000 km,4000 mins,1000 km,4000 mins,1000 km,4000 mins,1000 km,4000 mins,1000 km,4000 mins,1000 km,4000 mins,1000 km,4000 mins,1000 km,4000 mins,1000 km,4000 mins,1000 km,4000 mins
40,458296232,3.6 km,7 mins,20.9 km,23 mins,6.0 km,10 mins,5.4 km,9 mins,17.9 km,21 mins,8.5 km,12 mins,14.8 km,15 mins,31.2 km,31 mins,15.6 km,52 mins,16.8 km,18 mins,8.4 km,31 mins,10.3 km,14 mins,14.1 km,19 mins,5.9 km,22 mins,6.7 km,25 mins,4.8 km,9 mins,4.4 km,7 mins,5.4 km,10 mins,5.3 km,9 mins,19.4 km,1 hour 10 mins,6.4 km,10 mins,9.9 km,11 mins,14.5 km,14 mins,8.6 km,13 mins,1000 km,4000 mins,1000 km,4000 mins,1000 km,4000 mins,1000 km,4000 mins,1000 km,4000 mins,1000 km,4000 mins,1000 km,4000 mins,1000 km,4000 mins,1000 km,4000 mins,1000 km,4000 mins,1000 km,4000 mins,1000 km,4000 mins,1000 km,4000 mins,1000 km,4000 mins,1000 km,4000 mins,1000 km,4000 mins,1000 km,4000 mins,1000 km,4000 mins,1000 km,4000 mins,1000 km,4000 mins,1000 km,4000 mins,1000 km,4000 mins,1000 km,4000 mins,1000 km,4000 mins
41,463037458,4.9 km,8 mins,22.8 km,24 mins,6.3 km,10 mins,6.0 km,10 mins,18.4 km,22 mins,10.4 km,13 mins,15.3 km,16 mins,31.7 km,31 mins,18.3 km,1 hour 2 mins,17.3 km,19 mins,9.6 km,35 mins,12.2 km,15 mins,18.2 km,23 mins,8.6 km,33 mins,5.6 km,23 mins,5.9 km,10 mins,4.5 km,7 mins,6.0 km,10 mins,5.8 km,9 mins,16.7 km,59 mins,8.3 km,11 mins,10.4 km,12 mins,15.1 km,15 mins,9.1 km,14 mins,1000 km,4000 mins,1000 km,4000 mins,1000 km,4000 mins,1000 km,4000 mins,1000 km,4000 mins,1000 km,4000 mins,1000 km,4000 mins,1000 km,4000 mins,1000 km,4000 mins,1000 km,4000 mins,1000 km,4000 mins,1000 km,4000 mins,1000 km,4000 mins,1000 km,4000 mins,1000 km,4000 mins,1000 km,4000 mins,1000 km,4000 mins,1000 km,4000 mins,1000 km,4000 mins,1000 km,4000 mins,1000 km,4000 mins,1000 km,4000 mins,1000 km,4000 mins,1000 km,4000 mins
42,466678534,3.5 km,7 mins,20.8 km,23 mins,5.9 km,10 mins,5.3 km,9 mins,17.7 km,21 mins,8.4 km,12 mins,14.7 km,15 mins,31.0 km,31 mins,15.5 km,52 mins,16.6 km,18 mins,8.3 km,32 mins,10.2 km,14 mins,14.8 km,18 mins,5.7 km,23 mins,6.6 km,26 mins,4.6 km,9 mins,4.3 km,7 mins,5.2 km,10 mins,5.2 km,9 mins,19.8 km,1 hour 11 mins,6.3 km,10 mins,9.8 km,11 mins,14.4 km,14 mins,8.5 km,13 mins,1000 km,4000 mins,1000 km,4000 mins,1000 km,4000 mins,1000 km,4000 mins,1000 km,4000 mins,1000 km,4000 mins,1000 km,4000 mins,1000 km,4000 mins,1000 km,4000 mins,1000 km,4000 mins,1000 km,4000 mins,1000 km,4000 mins,1000 km,4000 mins,1000 km,4000 mins,1000 km,4000 mins,1000 km,4000 mins,1000 km,4000 mins,1000 km,4000 mins,1000 km,4000 mins,1000 km,4000 mins,1000 km,4000 mins,1000 km,4000 mins,1000 km,4000 mins,1000 km,4000 mins
43,474721965,2.1 km,5 mins,19.3 km,20 mins,2.7 km,6 mins,1.8 km,5 mins,14.9 km,19 mins,4.1 km,8 mins,11.9 km,13 mins,24.1 km,28 mins,18.5 km,1 hour 4 mins,13.8 km,16 mins,4.3 km,18 mins,8.7 km,11 mins,14.7 km,19 mins,3.2 km,15 mins,1.8 km,10 mins,2.4 km,6 mins,1.0 km,2 mins,2.7 km,6 mins,2.3 km,5 mins,16.9 km,59 mins,4.8 km,8 mins,7.0 km,10 mins,11.6 km,13 mins,3.6 km,10 mins,1000 km,4000 mins,1000 km,4000 mins,1000 km,4000 mins,1000 km,4000 mins,1000 km,4000 mins,1000 km,4000 mins,1000 km,4000 mins,1000 km,4000 mins,1000 km,4000 mins,1000 km,4000 mins,1000 km,4000 mins,1000 km,4000 mins,1000 km,4000 mins,1000 km,4000 mins,1000 km,4000 mins,1000 km,4000 mins,1000 km,4000 mins,1000 km,4000 mins,1000 km,4000 mins,1000 km,4000 mins,1000 km,4000 mins,1000 km,4000 mins,1000 km,4000 mins,1000 km,4000 mins
44,476321344,12.4 km,17 mins,25.7 km,28 mins,11.9 km,18 mins,9.3 km,13 mins,12.7 km,17 mins,11.7 km,15 mins,6.0 km,10 mins,29.5 km,31 mins,27.9 km,1 hour 33 mins,8.7 km,15 mins,12.7 km,47 mins,15.1 km,20 mins,28.3 km,32 mins,11.5 km,44 mins,8.4 km,30 mins,13.4 km,19 mins,12.3 km,17 mins,12.5 km,19 mins,12.1 km,18 mins,9.8 km,30 mins,12.4 km,19 mins,5.1 km,9 mins,6.2 km,11 mins,10.2 km,16 mins,1000 km,4000 mins,1000 km,4000 mins,1000 km,4000 mins,1000 km,4000 mins,1000 km,4000 mins,1000 km,4000 mins,1000 km,4000 mins,1000 km,4000 mins,1000 km,4000 mins,1000 km,4000 mins,1000 km,4000 mins,1000 km,4000 mins,1000 km,4000 mins,1000 km,4000 mins,1000 km,4000 mins,1000 km,4000 mins,1000 km,4000 mins,1000 km,4000 mins,1000 km,4000 mins,1000 km,4000 mins,1000 km,4000 mins,1000 km,4000 mins,1000 km,4000 mins,1000 km,4000 mins
45,477580072,17.5 km,21 mins,17.4 km,19 mins,17.0 km,22 mins,14.4 km,17 mins,2.1 km,5 mins,16.8 km,19 mins,5.0 km,8 mins,14.3 km,15 mins,33.9 km,1 hour 51 mins,2.1 km,3 mins,17.6 km,58 mins,20.2 km,23 mins,33.4 km,36 mins,18.4 km,1 hour 1 min,17.6 km,56 mins,18.5 km,23 mins,17.5 km,21 mins,17.6 km,23 mins,17.2 km,22 mins,14.7 km,50 mins,17.5 km,23 mins,10.5 km,14 mins,4.8 km,8 mins,15.3 km,20 mins,1000 km,4000 mins,1000 km,4000 mins,1000 km,4000 mins,1000 km,4000 mins,1000 km,4000 mins,1000 km,4000 mins,1000 km,4000 mins,1000 km,4000 mins,1000 km,4000 mins,1000 km,4000 mins,1000 km,4000 mins,1000 km,4000 mins,1000 km,4000 mins,1000 km,4000 mins,1000 km,4000 mins,1000 km,4000 mins,1000 km,4000 mins,1000 km,4000 mins,1000 km,4000 mins,1000 km,4000 mins,1000 km,4000 mins,1000 km,4000 mins,1000 km,4000 mins,1000 km,4000 mins
46,479391393,1.8 km,4 mins,16.5 km,18 mins,1.5 km,4 mins,4.3 km,11 mins,17.5 km,25 mins,4.1 km,7 mins,14.4 km,19 mins,25.5 km,29 mins,16.2 km,54 mins,16.4 km,22 mins,3.5 km,12 mins,5.9 km,9 mins,13.1 km,18 mins,0.9 km,3 mins,4.1 km,17 mins,0.7 km,2 mins,2.3 km,5 mins,0.9 km,2 mins,1.2 km,3 mins,19.3 km,1 hour 7 mins,1.4 km,4 mins,9.6 km,16 mins,14.2 km,19 mins,4.9 km,12 mins,1000 km,4000 mins,1000 km,4000 mins,1000 km,4000 mins,1000 km,4000 mins,1000 km,4000 mins,1000 km,4000 mins,1000 km,4000 mins,1000 km,4000 mins,1000 km,4000 mins,1000 km,4000 mins,1000 km,4000 mins,1000 km,4000 mins,1000 km,4000 mins,1000 km,4000 mins,1000 km,4000 mins,1000 km,4000 mins,1000 km,4000 mins,1000 km,4000 mins,1000 km,4000 mins,1000 km,4000 mins,1000 km,4000 mins,1000 km,4000 mins,1000 km,4000 mins,1000 km,4000 mins
47,480337694,5.1 km,11 mins,17.1 km,18 mins,3.3 km,8 mins,3.3 km,9 mins,14.3 km,20 mins,3.1 km,5 mins,11.3 km,14 mins,21.3 km,21 mins,20.7 km,1 hour 10 mins,13.2 km,17 mins,4.5 km,19 mins,6.5 km,10 mins,21.7 km,23 mins,4.3 km,16 mins,3.2 km,11 mins,4.0 km,11 mins,4.2 km,10 mins,3.9 km,10 mins,3.5 km,8 mins,20.0 km,1 hour 6 mins,3.8 km,10 mins,6.4 km,10 mins,11.0 km,13 mins,0.8 km,3 mins,1000 km,4000 mins,1000 km,4000 mins,1000 km,4000 mins,1000 km,4000 mins,1000 km,4000 mins,1000 km,4000 mins,1000 km,4000 mins,1000 km,4000 mins,1000 km,4000 mins,1000 km,4000 mins,1000 km,4000 mins,1000 km,4000 mins,1000 km,4000 mins,1000 km,4000 mins,1000 km,4000 mins,1000 km,4000 mins,1000 km,4000 mins,1000 km,4000 mins,1000 km,4000 mins,1000 km,4000 mins,1000 km,4000 mins,1000 km,4000 mins,1000 km,4000 mins,1000 km,4000 mins
48,481413999,14.4 km,14 mins,19.0 km,20 mins,12.4 km,14 mins,16.4 km,20 mins,27.4 km,31 mins,12.3 km,12 mins,24.4 km,25 mins,35.4 km,35 mins,10.3 km,34 mins,26.3 km,28 mins,9.5 km,31 mins,7.4 km,12 mins,8.1 km,12 mins,8.7 km,28 mins,12.4 km,44 mins,13.3 km,13 mins,14.9 km,15 mins,13.8 km,14 mins,14.6 km,14 mins,27.6 km,1 hour 34 mins,12.0 km,12 mins,19.5 km,21 mins,24.1 km,24 mins,14.8 km,17 mins,1000 km,4000 mins,1000 km,4000 mins,1000 km,4000 mins,1000 km,4000 mins,1000 km,4000 mins,1000 km,4000 mins,1000 km,4000 mins,1000 km,4000 mins,1000 km,4000 mins,1000 km,4000 mins,1000 km,4000 mins,1000 km,4000 mins,1000 km,4000 mins,1000 km,4000 mins,1000 km,4000 mins,1000 km,4000 mins,1000 km,4000 mins,1000 km,4000 mins,1000 km,4000 mins,1000 km,4000 mins,1000 km,4000 mins,1000 km,4000 mins,1000 km,4000 mins,1000 km,4000 mins
49,522099746,2.1 km,5 mins,16.1 km,18 mins,0.2 km,1 min,3.4 km,9 mins,16.6 km,23 mins,3.7 km,7 mins,13.6 km,17 mins,24.6 km,27 mins,17.4 km,59 mins,15.5 km,20 mins,3.1 km,12 mins,5.5 km,9 mins,13.4 km,19 mins,1.3 km,5 mins,3.6 km,16 mins,0.9 km,3 mins,1.7 km,3 mins,0.8 km,2 mins,0.4 km,1 min,18.8 km,1 hour 6 mins,1.0 km,3 mins,8.7 km,14 mins,13.3 km,17 mins,4.0 km,10 mins,1000 km,4000 mins,1000 km,4000 mins,1000 km,4000 mins,1000 km,4000 mins,1000 km,4000 mins,1000 km,4000 mins,1000 km,4000 mins,1000 km,4000 mins,1000 km,4000 mins,1000 km,4000 mins,1000 km,4000 mins,1000 km,4000 mins,1000 km,4000 mins,1000 km,4000 mins,1000 km,4000 mins,1000 km,4000 mins,1000 km,4000 mins,1000 km,4000 mins,1000 km,4000 mins,1000 km,4000 mins,1000 km,4000 mins,1000 km,4000 mins,1000 km,4000 mins,1000 km,4000 mins
50,522610892,2.9 km,8 mins,17.8 km,21 mins,2.6 km,7 mins,1.8 km,6 mins,15.1 km,21 mins,3.8 km,7 mins,12.0 km,15 mins,23.8 km,27 mins,18.6 km,1 hour 4 mins,14.0 km,18 mins,4.0 km,16 mins,7.2 km,12 mins,15.4 km,22 mins,2.8 km,13 mins,1.8 km,9 mins,2.0 km,7 mins,1.7 km,5 mins,1.9 km,6 mins,1.5 km,5 mins,17.0 km,59 mins,3.1 km,8 mins,7.1 km,11 mins,11.8 km,14 mins,3.2 km,9 mins,1000 km,4000 mins,1000 km,4000 mins,1000 km,4000 mins,1000 km,4000 mins,1000 km,4000 mins,1000 km,4000 mins,1000 km,4000 mins,1000 km,4000 mins,1000 km,4000 mins,1000 km,4000 mins,1000 km,4000 mins,1000 km,4000 mins,1000 km,4000 mins,1000 km,4000 mins,1000 km,4000 mins,1000 km,4000 mins,1000 km,4000 mins,1000 km,4000 mins,1000 km,4000 mins,1000 km,4000 mins,1000 km,4000 mins,1000 km,4000 mins,1000 km,4000 mins,1000 km,4000 mins
51,527231829,4.0 km,7 mins,19.8 km,21 mins,4.6 km,9 mins,8.0 km,13 mins,20.4 km,25 mins,7.4 km,10 mins,17.3 km,19 mins,30.5 km,32 mins,12.8 km,43 mins,19.3 km,22 mins,6.2 km,24 mins,9.2 km,12 mins,10.0 km,14 mins,4.6 km,18 mins,8.0 km,32 mins,3.7 km,7 mins,5.3 km,9 mins,4.2 km,8 mins,4.3 km,8 mins,22.6 km,1 hour 22 mins,5.3 km,8 mins,12.5 km,15 mins,17.1 km,18 mins,9.9 km,15 mins,1000 km,4000 mins,1000 km,4000 mins,1000 km,4000 mins,1000 km,4000 mins,1000 km,4000 mins,1000 km,4000 mins,1000 km,4000 mins,1000 km,4000 mins,1000 km,4000 mins,1000 km,4000 mins,1000 km,4000 mins,1000 km,4000 mins,1000 km,4000 mins,1000 km,4000 mins,1000 km,4000 mins,1000 km,4000 mins,1000 km,4000 mins,1000 km,4000 mins,1000 km,4000 mins,1000 km,4000 mins,1000 km,4000 mins,1000 km,4000 mins,1000 km,4000 mins,1000 km,4000 mins
52,530138806,5.0 km,10 mins,17.8 km,19 mins,3.2 km,7 mins,2.5 km,7 mins,13.5 km,18 mins,3.8 km,5 mins,10.5 km,12 mins,22.8 km,24 mins,20.5 km,1 hour 10 mins,12.4 km,15 mins,5.3 km,20 mins,7.1 km,10 mins,22.3 km,23 mins,4.1 km,16 mins,1.7 km,6 mins,3.8 km,10 mins,4.0 km,9 mins,3.7 km,9 mins,3.3 km,8 mins,16.8 km,56 mins,3.6 km,9 mins,5.6 km,8 mins,10.2 km,11 mins,2.2 km,6 mins,1000 km,4000 mins,1000 km,4000 mins,1000 km,4000 mins,1000 km,4000 mins,1000 km,4000 mins,1000 km,4000 mins,1000 km,4000 mins,1000 km,4000 mins,1000 km,4000 mins,1000 km,4000 mins,1000 km,4000 mins,1000 km,4000 mins,1000 km,4000 mins,1000 km,4000 mins,1000 km,4000 mins,1000 km,4000 mins,1000 km,4000 mins,1000 km,4000 mins,1000 km,4000 mins,1000 km,4000 mins,1000 km,4000 mins,1000 km,4000 mins,1000 km,4000 mins,1000 km,4000 mins
53,531956083,7.9 km,11 mins,13.5 km,15 mins,5.4 km,9 mins,6.6 km,12 mins,14.0 km,19 mins,3.3 km,5 mins,10.9 km,13 mins,21.3 km,21 mins,19.5 km,1 hour 6 mins,12.9 km,16 mins,3.2 km,13 mins,2.9 km,6 mins,21.4 km,23 mins,4.9 km,21 mins,5.8 km,24 mins,6.8 km,10 mins,6.2 km,11 mins,6.0 km,11 mins,5.6 km,10 mins,20.0 km,1 hour 6 mins,5.6 km,10 mins,7.8 km,11 mins,10.7 km,12 mins,4.6 km,6 mins,1000 km,4000 mins,1000 km,4000 mins,1000 km,4000 mins,1000 km,4000 mins,1000 km,4000 mins,1000 km,4000 mins,1000 km,4000 mins,1000 km,4000 mins,1000 km,4000 mins,1000 km,4000 mins,1000 km,4000 mins,1000 km,4000 mins,1000 km,4000 mins,1000 km,4000 mins,1000 km,4000 mins,1000 km,4000 mins,1000 km,4000 mins,1000 km,4000 mins,1000 km,4000 mins,1000 km,4000 mins,1000 km,4000 mins,1000 km,4000 mins,1000 km,4000 mins,1000 km,4000 mins
54,541258495,17.0 km,20 mins,19.2 km,23 mins,16.5 km,21 mins,13.9 km,17 mins,1.1 km,4 mins,16.3 km,18 mins,3.8 km,8 mins,15.6 km,18 mins,33.7 km,1 hour 53 mins,2.7 km,5 mins,17.4 km,1 hour 1 min,19.7 km,23 mins,32.9 km,35 mins,18.2 km,1 hour 4 mins,15.3 km,53 mins,18.0 km,23 mins,16.9 km,20 mins,17.1 km,23 mins,16.6 km,22 mins,13.1 km,44 mins,17.0 km,23 mins,9.9 km,14 mins,4.2 km,7 mins,14.7 km,19 mins,1000 km,4000 mins,1000 km,4000 mins,1000 km,4000 mins,1000 km,4000 mins,1000 km,4000 mins,1000 km,4000 mins,1000 km,4000 mins,1000 km,4000 mins,1000 km,4000 mins,1000 km,4000 mins,1000 km,4000 mins,1000 km,4000 mins,1000 km,4000 mins,1000 km,4000 mins,1000 km,4000 mins,1000 km,4000 mins,1000 km,4000 mins,1000 km,4000 mins,1000 km,4000 mins,1000 km,4000 mins,1000 km,4000 mins,1000 km,4000 mins,1000 km,4000 mins,1000 km,4000 mins
55,552306887,2.0 km,5 mins,16.4 km,18 mins,0.3 km,1 min,3.3 km,9 mins,16.6 km,23 mins,4.4 km,7 mins,13.5 km,17 mins,24.5 km,27 mins,17.3 km,59 mins,15.5 km,20 mins,3.2 km,12 mins,5.7 km,9 mins,13.4 km,19 mins,1.3 km,5 mins,3.0 km,15 mins,0.9 km,3 mins,1.6 km,3 mins,0.8 km,2 mins,0.4 km,1 min,18.2 km,1 hour 5 mins,1.0 km,3 mins,8.6 km,14 mins,13.2 km,17 mins,4.0 km,10 mins,1000 km,4000 mins,1000 km,4000 mins,1000 km,4000 mins,1000 km,4000 mins,1000 km,4000 mins,1000 km,4000 mins,1000 km,4000 mins,1000 km,4000 mins,1000 km,4000 mins,1000 km,4000 mins,1000 km,4000 mins,1000 km,4000 mins,1000 km,4000 mins,1000 km,4000 mins,1000 km,4000 mins,1000 km,4000 mins,1000 km,4000 mins,1000 km,4000 mins,1000 km,4000 mins,1000 km,4000 mins,1000 km,4000 mins,1000 km,4000 mins,1000 km,4000 mins,1000 km,4000 mins
56,559277088,4.1 km,6 mins,15.8 km,16 mins,1.4 km,3 mins,3.9 km,10 mins,18.5 km,23 mins,3.4 km,5 mins,15.5 km,17 mins,26.5 km,27 mins,17.2 km,57 mins,17.4 km,20 mins,2.5 km,10 mins,5.2 km,7 mins,14.5 km,18 mins,0.3 km,1 min,4.1 km,18 mins,1.5 km,4 mins,4.6 km,6 mins,1.7 km,4 mins,1.9 km,5 mins,19.3 km,1 hour 7 mins,0.3 km,1 min,10.6 km,13 mins,15.2 km,16 mins,5.9 km,9 mins,1000 km,4000 mins,1000 km,4000 mins,1000 km,4000 mins,1000 km,4000 mins,1000 km,4000 mins,1000 km,4000 mins,1000 km,4000 mins,1000 km,4000 mins,1000 km,4000 mins,1000 km,4000 mins,1000 km,4000 mins,1000 km,4000 mins,1000 km,4000 mins,1000 km,4000 mins,1000 km,4000 mins,1000 km,4000 mins,1000 km,4000 mins,1000 km,4000 mins,1000 km,4000 mins,1000 km,4000 mins,1000 km,4000 mins,1000 km,4000 mins,1000 km,4000 mins,1000 km,4000 mins
57,559475456,4.1 km,6 mins,15.8 km,16 mins,1.4 km,3 mins,3.9 km,10 mins,18.5 km,23 mins,3.4 km,5 mins,15.5 km,17 mins,26.5 km,27 mins,17.2 km,57 mins,17.4 km,20 mins,2.5 km,10 mins,5.2 km,7 mins,14.5 km,18 mins,0.3 km,1 min,4.1 km,18 mins,1.5 km,4 mins,4.6 km,6 mins,1.7 km,4 mins,1.9 km,5 mins,19.3 km,1 hour 7 mins,0.3 km,1 min,10.6 km,13 mins,15.2 km,16 mins,5.9 km,9 mins,1000 km,4000 mins,1000 km,4000 mins,1000 km,4000 mins,1000 km,4000 mins,1000 km,4000 mins,1000 km,4000 mins,1000 km,4000 mins,1000 km,4000 mins,1000 km,4000 mins,1000 km,4000 mins,1000 km,4000 mins,1000 km,4000 mins,1000 km,4000 mins,1000 km,4000 mins,1000 km,4000 mins,1000 km,4000 mins,1000 km,4000 mins,1000 km,4000 mins,1000 km,4000 mins,1000 km,4000 mins,1000 km,4000 mins,1000 km,4000 mins,1000 km,4000 mins,1000 km,4000 mins
58,560136410,2.9 km,6 mins,16.2 km,18 mins,1.1 km,2 mins,2.3 km,7 mins,15.6 km,21 mins,3.0 km,4 mins,12.5 km,15 mins,23.5 km,25 mins,18.4 km,1 hour 4 mins,14.5 km,18 mins,3.2 km,13 mins,5.6 km,9 mins,15.2 km,20 mins,2.1 km,10 mins,2.3 km,13 mins,1.8 km,5 mins,1.9 km,4 mins,1.7 km,4 mins,1.3 km,3 mins,17.5 km,1 hour 2 mins,1.6 km,4 mins,7.6 km,11 mins,12.2 km,14 mins,3.0 km,7 mins,1000 km,4000 mins,1000 km,4000 mins,1000 km,4000 mins,1000 km,4000 mins,1000 km,4000 mins,1000 km,4000 mins,1000 km,4000 mins,1000 km,4000 mins,1000 km,4000 mins,1000 km,4000 mins,1000 km,4000 mins,1000 km,4000 mins,1000 km,4000 mins,1000 km,4000 mins,1000 km,4000 mins,1000 km,4000 mins,1000 km,4000 mins,1000 km,4000 mins,1000 km,4000 mins,1000 km,4000 mins,1000 km,4000 mins,1000 km,4000 mins,1000 km,4000 mins,1000 km,4000 mins
59,560575760,15.4 km,17 mins,33.3 km,33 mins,16.7 km,19 mins,16.5 km,19 mins,24.7 km,29 mins,20.9 km,22 mins,25.8 km,25 mins,42.2 km,41 mins,29.1 km,1 hour 39 mins,27.8 km,28 mins,23.3 km,1 hour 25 mins,22.7 km,25 mins,25.1 km,29 mins,18.4 km,1 hour 5 mins,19.1 km,1 hour 7 mins,16.3 km,19 mins,15.0 km,16 mins,16.5 km,19 mins,16.3 km,18 mins,14.5 km,51 mins,18.8 km,21 mins,17.7 km,21 mins,25.5 km,24 mins,19.6 km,23 mins,1000 km,4000 mins,1000 km,4000 mins,1000 km,4000 mins,1000 km,4000 mins,1000 km,4000 mins,1000 km,4000 mins,1000 km,4000 mins,1000 km,4000 mins,1000 km,4000 mins,1000 km,4000 mins,1000 km,4000 mins,1000 km,4000 mins,1000 km,4000 mins,1000 km,4000 mins,1000 km,4000 mins,1000 km,4000 mins,1000 km,4000 mins,1000 km,4000 mins,1000 km,4000 mins,1000 km,4000 mins,1000 km,4000 mins,1000 km,4000 mins,1000 km,4000 mins,1000 km,4000 mins
60,565078696,4.1 km,6 mins,15.8 km,16 mins,1.3 km,3 mins,3.7 km,11 mins,18.5 km,23 mins,3.4 km,5 mins,15.4 km,17 mins,26.5 km,27 mins,17.4 km,58 mins,17.4 km,20 mins,2.5 km,10 mins,5.2 km,7 mins,14.5 km,18 mins,0.5 km,2 mins,3.9 km,17 mins,1.9 km,5 mins,2.9 km,7 mins,2.0 km,5 mins,1.4 km,4 mins,19.1 km,1 hour 7 mins,0.1 km,1 min,10.6 km,14 mins,15.2 km,17 mins,5.9 km,9 mins,1000 km,4000 mins,1000 km,4000 mins,1000 km,4000 mins,1000 km,4000 mins,1000 km,4000 mins,1000 km,4000 mins,1000 km,4000 mins,1000 km,4000 mins,1000 km,4000 mins,1000 km,4000 mins,1000 km,4000 mins,1000 km,4000 mins,1000 km,4000 mins,1000 km,4000 mins,1000 km,4000 mins,1000 km,4000 mins,1000 km,4000 mins,1000 km,4000 mins,1000 km,4000 mins,1000 km,4000 mins,1000 km,4000 mins,1000 km,4000 mins,1000 km,4000 mins,1000 km,4000 mins
61,569769242,3.2 km,6 mins,15.4 km,16 mins,0.7 km,2 mins,3.0 km,9 mins,16.2 km,23 mins,3.1 km,5 mins,13.2 km,17 mins,24.2 km,27 mins,17.7 km,1 hour 0 mins,15.1 km,20 mins,2.5 km,9 mins,4.8 km,7 mins,15.0 km,19 mins,1.2 km,5 mins,3.3 km,15 mins,1.5 km,4 mins,2.2 km,5 mins,1.7 km,4 mins,1.2 km,3 mins,18.5 km,1 hour 4 mins,0.7 km,2 mins,8.3 km,13 mins,12.9 km,16 mins,3.6 km,9 mins,1000 km,4000 mins,1000 km,4000 mins,1000 km,4000 mins,1000 km,4000 mins,1000 km,4000 mins,1000 km,4000 mins,1000 km,4000 mins,1000 km,4000 mins,1000 km,4000 mins,1000 km,4000 mins,1000 km,4000 mins,1000 km,4000 mins,1000 km,4000 mins,1000 km,4000 mins,1000 km,4000 mins,1000 km,4000 mins,1000 km,4000 mins,1000 km,4000 mins,1000 km,4000 mins,1000 km,4000 mins,1000 km,4000 mins,1000 km,4000 mins,1000 km,4000 mins,1000 km,4000 mins
62,569981306,3.6 km,7 mins,20.9 km,23 mins,6.1 km,10 mins,5.5 km,9 mins,17.9 km,21 mins,8.5 km,12 mins,14.8 km,15 mins,31.2 km,31 mins,15.2 km,51 mins,16.8 km,18 mins,8.4 km,32 mins,10.3 km,14 mins,13.6 km,17 mins,5.9 km,23 mins,6.7 km,26 mins,4.8 km,9 mins,4.4 km,7 mins,5.4 km,10 mins,5.4 km,9 mins,20.0 km,1 hour 13 mins,6.4 km,10 mins,9.9 km,11 mins,14.6 km,14 mins,8.6 km,13 mins,1000 km,4000 mins,1000 km,4000 mins,1000 km,4000 mins,1000 km,4000 mins,1000 km,4000 mins,1000 km,4000 mins,1000 km,4000 mins,1000 km,4000 mins,1000 km,4000 mins,1000 km,4000 mins,1000 km,4000 mins,1000 km,4000 mins,1000 km,4000 mins,1000 km,4000 mins,1000 km,4000 mins,1000 km,4000 mins,1000 km,4000 mins,1000 km,4000 mins,1000 km,4000 mins,1000 km,4000 mins,1000 km,4000 mins,1000 km,4000 mins,1000 km,4000 mins,1000 km,4000 mins
63,570590313,4.4 km,8 mins,19.1 km,22 mins,3.9 km,11 mins,1 m,1 min,14.2 km,20 mins,5.1 km,9 mins,11.1 km,14 mins,24.1 km,27 mins,20.3 km,1 hour 9 mins,13.1 km,17 mins,5.3 km,21 mins,8.5 km,13 mins,20.3 km,23 mins,4.1 km,18 mins,1 m,1 min,5.4 km,10 mins,4.3 km,8 mins,5.5 km,10 mins,5.6 km,10 mins,16.4 km,54 mins,4.4 km,12 mins,6.2 km,10 mins,10.9 km,13 mins,3.6 km,9 mins,1000 km,4000 mins,1000 km,4000 mins,1000 km,4000 mins,1000 km,4000 mins,1000 km,4000 mins,1000 km,4000 mins,1000 km,4000 mins,1000 km,4000 mins,1000 km,4000 mins,1000 km,4000 mins,1000 km,4000 mins,1000 km,4000 mins,1000 km,4000 mins,1000 km,4000 mins,1000 km,4000 mins,1000 km,4000 mins,1000 km,4000 mins,1000 km,4000 mins,1000 km,4000 mins,1000 km,4000 mins,1000 km,4000 mins,1000 km,4000 mins,1000 km,4000 mins,1000 km,4000 mins
64,584983158,10.2 km,12 mins,16.9 km,18 mins,9.8 km,13 mins,7.1 km,8 mins,9.4 km,14 mins,7.3 km,9 mins,6.3 km,8 mins,19.8 km,19 mins,24.3 km,1 hour 21 mins,8.3 km,11 mins,8.1 km,28 mins,7.8 km,12 mins,26.1 km,27 mins,8.8 km,31 mins,8.0 km,26 mins,11.2 km,14 mins,10.2 km,12 mins,10.3 km,14 mins,9.9 km,13 mins,15.3 km,51 mins,10.0 km,14 mins,3.2 km,6 mins,6.1 km,7 mins,5.3 km,8 mins,1000 km,4000 mins,1000 km,4000 mins,1000 km,4000 mins,1000 km,4000 mins,1000 km,4000 mins,1000 km,4000 mins,1000 km,4000 mins,1000 km,4000 mins,1000 km,4000 mins,1000 km,4000 mins,1000 km,4000 mins,1000 km,4000 mins,1000 km,4000 mins,1000 km,4000 mins,1000 km,4000 mins,1000 km,4000 mins,1000 km,4000 mins,1000 km,4000 mins,1000 km,4000 mins,1000 km,4000 mins,1000 km,4000 mins,1000 km,4000 mins,1000 km,4000 mins,1000 km,4000 mins
65,590049071,3.2 km,8 mins,18.3 km,22 mins,2.9 km,8 mins,2.0 km,6 mins,15.1 km,20 mins,4.3 km,9 mins,12.1 km,14 mins,24.3 km,28 mins,19.6 km,1 hour 7 mins,14.0 km,17 mins,4.5 km,19 mins,7.7 km,14 mins,15.8 km,22 mins,3.3 km,16 mins,0.9 km,3 mins,3.4 km,9 mins,2.1 km,5 mins,2.8 km,8 mins,2.4 km,7 mins,16.0 km,53 mins,3.3 km,10 mins,7.2 km,10 mins,11.8 km,13 mins,3.8 km,11 mins,1000 km,4000 mins,1000 km,4000 mins,1000 km,4000 mins,1000 km,4000 mins,1000 km,4000 mins,1000 km,4000 mins,1000 km,4000 mins,1000 km,4000 mins,1000 km,4000 mins,1000 km,4000 mins,1000 km,4000 mins,1000 km,4000 mins,1000 km,4000 mins,1000 km,4000 mins,1000 km,4000 mins,1000 km,4000 mins,1000 km,4000 mins,1000 km,4000 mins,1000 km,4000 mins,1000 km,4000 mins,1000 km,4000 mins,1000 km,4000 mins,1000 km,4000 mins,1000 km,4000 mins
66,597798321,4.4 km,8 mins,19.1 km,22 mins,3.9 km,11 mins,1 m,1 min,14.2 km,20 mins,5.1 km,9 mins,11.1 km,14 mins,24.1 km,27 mins,20.3 km,1 hour 9 mins,13.1 km,17 mins,5.3 km,21 mins,8.5 km,13 mins,20.3 km,23 mins,4.1 km,18 mins,1 m,1 min,5.4 km,10 mins,4.3 km,8 mins,5.5 km,10 mins,5.6 km,10 mins,16.4 km,54 mins,4.4 km,12 mins,6.2 km,10 mins,10.9 km,13 mins,3.6 km,9 mins,1000 km,4000 mins,1000 km,4000 mins,1000 km,4000 mins,1000 km,4000 mins,1000 km,4000 mins,1000 km,4000 mins,1000 km,4000 mins,1000 km,4000 mins,1000 km,4000 mins,1000 km,4000 mins,1000 km,4000 mins,1000 km,4000 mins,1000 km,4000 mins,1000 km,4000 mins,1000 km,4000 mins,1000 km,4000 mins,1000 km,4000 mins,1000 km,4000 mins,1000 km,4000 mins,1000 km,4000 mins,1000 km,4000 mins,1000 km,4000 mins,1000 km,4000 mins,1000 km,4000 mins
67,599471591,3.5 km,8 mins,17.4 km,19 mins,1.7 km,4 mins,2.1 km,7 mins,15.4 km,21 mins,3.4 km,6 mins,12.4 km,15 mins,23.4 km,25 mins,18.6 km,1 hour 7 mins,14.3 km,18 mins,3.5 km,15 mins,6.8 km,11 mins,15.8 km,22 mins,2.3 km,12 mins,1.8 km,12 mins,2.4 km,7 mins,2.5 km,6 mins,2.3 km,6 mins,1.9 km,5 mins,17.0 km,1 hour 2 mins,2.2 km,6 mins,7.5 km,12 mins,12.1 km,15 mins,2.8 km,8 mins,1000 km,4000 mins,1000 km,4000 mins,1000 km,4000 mins,1000 km,4000 mins,1000 km,4000 mins,1000 km,4000 mins,1000 km,4000 mins,1000 km,4000 mins,1000 km,4000 mins,1000 km,4000 mins,1000 km,4000 mins,1000 km,4000 mins,1000 km,4000 mins,1000 km,4000 mins,1000 km,4000 mins,1000 km,4000 mins,1000 km,4000 mins,1000 km,4000 mins,1000 km,4000 mins,1000 km,4000 mins,1000 km,4000 mins,1000 km,4000 mins,1000 km,4000 mins,1000 km,4000 mins
68,607763952,3.6 km,8 mins,20.9 km,23 mins,6.0 km,10 mins,5.4 km,9 mins,17.9 km,21 mins,8.5 km,12 mins,14.8 km,15 mins,31.2 km,31 mins,15.6 km,53 mins,16.8 km,18 mins,8.4 km,32 mins,10.3 km,15 mins,14.1 km,19 mins,5.9 km,23 mins,6.7 km,26 mins,4.8 km,9 mins,4.4 km,7 mins,5.4 km,10 mins,5.3 km,10 mins,19.6 km,1 hour 11 mins,6.4 km,11 mins,9.9 km,12 mins,14.5 km,15 mins,8.6 km,14 mins,1000 km,4000 mins,1000 km,4000 mins,1000 km,4000 mins,1000 km,4000 mins,1000 km,4000 mins,1000 km,4000 mins,1000 km,4000 mins,1000 km,4000 mins,1000 km,4000 mins,1000 km,4000 mins,1000 km,4000 mins,1000 km,4000 mins,1000 km,4000 mins,1000 km,4000 mins,1000 km,4000 mins,1000 km,4000 mins,1000 km,4000 mins,1000 km,4000 mins,1000 km,4000 mins,1000 km,4000 mins,1000 km,4000 mins,1000 km,4000 mins,1000 km,4000 mins,1000 km,4000 mins
69,609495444,4.3 km,8 mins,15.6 km,15 mins,2.5 km,5 mins,4.8 km,9 mins,15.8 km,20 mins,1.6 km,2 mins,12.7 km,14 mins,23.8 km,24 mins,19.0 km,1 hour 7 mins,14.7 km,17 mins,2.3 km,11 mins,5.0 km,7 mins,20.2 km,20 mins,2.1 km,12 mins,3.7 km,17 mins,3.1 km,7 mins,3.3 km,6 mins,3.1 km,6 mins,2.6 km,5 mins,18.9 km,1 hour 7 mins,2.9 km,6 mins,7.9 km,10 mins,12.5 km,13 mins,3.2 km,6 mins,1000 km,4000 mins,1000 km,4000 mins,1000 km,4000 mins,1000 km,4000 mins,1000 km,4000 mins,1000 km,4000 mins,1000 km,4000 mins,1000 km,4000 mins,1000 km,4000 mins,1000 km,4000 mins,1000 km,4000 mins,1000 km,4000 mins,1000 km,4000 mins,1000 km,4000 mins,1000 km,4000 mins,1000 km,4000 mins,1000 km,4000 mins,1000 km,4000 mins,1000 km,4000 mins,1000 km,4000 mins,1000 km,4000 mins,1000 km,4000 mins,1000 km,4000 mins,1000 km,4000 mins
70,628015504,8.4 km,10 mins,15.9 km,16 mins,3.7 km,7 mins,3.7 km,8 mins,13.9 km,19 mins,3.4 km,4 mins,10.9 km,13 mins,21.3 km,20 mins,21.1 km,1 hour 12 mins,12.8 km,16 mins,4.0 km,15 mins,6.8 km,9 mins,22.0 km,22 mins,4.7 km,18 mins,5.0 km,17 mins,4.4 km,10 mins,4.6 km,9 mins,4.3 km,9 mins,3.9 km,8 mins,20.0 km,1 hour 5 mins,4.2 km,9 mins,6.8 km,10 mins,10.6 km,12 mins,0.8 km,2 mins,1000 km,4000 mins,1000 km,4000 mins,1000 km,4000 mins,1000 km,4000 mins,1000 km,4000 mins,1000 km,4000 mins,1000 km,4000 mins,1000 km,4000 mins,1000 km,4000 mins,1000 km,4000 mins,1000 km,4000 mins,1000 km,4000 mins,1000 km,4000 mins,1000 km,4000 mins,1000 km,4000 mins,1000 km,4000 mins,1000 km,4000 mins,1000 km,4000 mins,1000 km,4000 mins,1000 km,4000 mins,1000 km,4000 mins,1000 km,4000 mins,1000 km,4000 mins,1000 km,4000 mins
71,648827964,4.8 km,7 mins,22.7 km,24 mins,6.1 km,10 mins,5.8 km,9 mins,18.2 km,22 mins,10.3 km,13 mins,15.2 km,16 mins,31.6 km,31 mins,18.4 km,1 hour 3 mins,17.1 km,18 mins,9.5 km,35 mins,12.1 km,15 mins,18.0 km,23 mins,8.7 km,33 mins,5.5 km,23 mins,5.7 km,10 mins,4.4 km,6 mins,5.9 km,9 mins,5.7 km,9 mins,16.6 km,58 mins,8.2 km,11 mins,10.3 km,12 mins,14.9 km,15 mins,9.0 km,14 mins,1000 km,4000 mins,1000 km,4000 mins,1000 km,4000 mins,1000 km,4000 mins,1000 km,4000 mins,1000 km,4000 mins,1000 km,4000 mins,1000 km,4000 mins,1000 km,4000 mins,1000 km,4000 mins,1000 km,4000 mins,1000 km,4000 mins,1000 km,4000 mins,1000 km,4000 mins,1000 km,4000 mins,1000 km,4000 mins,1000 km,4000 mins,1000 km,4000 mins,1000 km,4000 mins,1000 km,4000 mins,1000 km,4000 mins,1000 km,4000 mins,1000 km,4000 mins,1000 km,4000 mins
72,657893693,32.1 km,26 mins,50.0 km,43 mins,33.7 km,29 mins,33.1 km,28 mins,45.5 km,40 mins,37.8 km,32 mins,42.4 km,34 mins,58.8 km,50 mins,34.6 km,1 hour 59 mins,44.4 km,37 mins,38.4 km,2 hours 11 mins,39.4 km,34 mins,35.1 km,34 mins,35.8 km,2 hours 2 mins,36.7 km,2 hours 5 mins,33.1 km,29 mins,32.0 km,26 mins,33.2 km,29 mins,33.2 km,28 mins,43.0 km,2 hours 27 mins,35.5 km,30 mins,37.6 km,31 mins,42.2 km,34 mins,36.2 km,32 mins,1000 km,4000 mins,1000 km,4000 mins,1000 km,4000 mins,1000 km,4000 mins,1000 km,4000 mins,1000 km,4000 mins,1000 km,4000 mins,1000 km,4000 mins,1000 km,4000 mins,1000 km,4000 mins,1000 km,4000 mins,1000 km,4000 mins,1000 km,4000 mins,1000 km,4000 mins,1000 km,4000 mins,1000 km,4000 mins,1000 km,4000 mins,1000 km,4000 mins,1000 km,4000 mins,1000 km,4000 mins,1000 km,4000 mins,1000 km,4000 mins,1000 km,4000 mins,1000 km,4000 mins
73,658187452,8.0 km,11 mins,16.5 km,17 mins,4.1 km,9 mins,4.0 km,9 mins,14.3 km,20 mins,3.0 km,5 mins,11.2 km,14 mins,21.6 km,22 mins,21.3 km,1 hour 11 mins,13.2 km,17 mins,3.9 km,17 mins,6.4 km,9 mins,21.6 km,22 mins,5.0 km,18 mins,3.8 km,13 mins,6.9 km,10 mins,4.9 km,10 mins,4.7 km,10 mins,4.2 km,9 mins,20.2 km,1 hour 6 mins,5.7 km,9 mins,7.1 km,11 mins,11.0 km,13 mins,0.7 km,2 mins,1000 km,4000 mins,1000 km,4000 mins,1000 km,4000 mins,1000 km,4000 mins,1000 km,4000 mins,1000 km,4000 mins,1000 km,4000 mins,1000 km,4000 mins,1000 km,4000 mins,1000 km,4000 mins,1000 km,4000 mins,1000 km,4000 mins,1000 km,4000 mins,1000 km,4000 mins,1000 km,4000 mins,1000 km,4000 mins,1000 km,4000 mins,1000 km,4000 mins,1000 km,4000 mins,1000 km,4000 mins,1000 km,4000 mins,1000 km,4000 mins,1000 km,4000 mins,1000 km,4000 mins
74,658302934,1.1 km,3 mins,18.6 km,19 mins,2.0 km,5 mins,2.7 km,7 mins,16.6 km,21 mins,6.3 km,8 mins,13.5 km,15 mins,25.4 km,29 mins,17.5 km,1 hour 0 mins,15.5 km,18 mins,4.7 km,18 mins,8.0 km,10 mins,14.0 km,18 mins,3.4 km,13 mins,3.0 km,14 mins,1.7 km,5 mins,0.2 km,1 min,2.0 km,4 mins,1.6 km,3 mins,18.2 km,1 hour 4 mins,4.1 km,6 mins,8.7 km,11 mins,13.3 km,14 mins,4.8 km,11 mins,1000 km,4000 mins,1000 km,4000 mins,1000 km,4000 mins,1000 km,4000 mins,1000 km,4000 mins,1000 km,4000 mins,1000 km,4000 mins,1000 km,4000 mins,1000 km,4000 mins,1000 km,4000 mins,1000 km,4000 mins,1000 km,4000 mins,1000 km,4000 mins,1000 km,4000 mins,1000 km,4000 mins,1000 km,4000 mins,1000 km,4000 mins,1000 km,4000 mins,1000 km,4000 mins,1000 km,4000 mins,1000 km,4000 mins,1000 km,4000 mins,1000 km,4000 mins,1000 km,4000 mins
75,662280369,13.6 km,17 mins,24.9 km,25 mins,13.3 km,18 mins,18.6 km,24 mins,31.0 km,37 mins,19.0 km,19 mins,27.9 km,31 mins,42.1 km,41 mins,3.4 km,14 mins,29.9 km,33 mins,16.2 km,54 mins,16.7 km,19 mins,0.6 km,1 min,14.1 km,48 mins,17.3 km,1 hour 1 min,12.5 km,16 mins,14.1 km,18 mins,13.0 km,17 mins,13.1 km,17 mins,31.9 km,1 hour 50 mins,14.1 km,17 mins,23.0 km,27 mins,27.7 km,30 mins,21.5 km,23 mins,1000 km,4000 mins,1000 km,4000 mins,1000 km,4000 mins,1000 km,4000 mins,1000 km,4000 mins,1000 km,4000 mins,1000 km,4000 mins,1000 km,4000 mins,1000 km,4000 mins,1000 km,4000 mins,1000 km,4000 mins,1000 km,4000 mins,1000 km,4000 mins,1000 km,4000 mins,1000 km,4000 mins,1000 km,4000 mins,1000 km,4000 mins,1000 km,4000 mins,1000 km,4000 mins,1000 km,4000 mins,1000 km,4000 mins,1000 km,4000 mins,1000 km,4000 mins,1000 km,4000 mins
76,691319767,5.5 km,11 mins,17.5 km,18 mins,3.7 km,8 mins,3.7 km,9 mins,13.6 km,19 mins,3.5 km,5 mins,10.5 km,13 mins,20.9 km,21 mins,21.0 km,1 hour 11 mins,12.5 km,16 mins,5.0 km,21 mins,6.9 km,10 mins,22.1 km,23 mins,4.7 km,17 mins,4.3 km,14 mins,4.4 km,11 mins,4.5 km,10 mins,4.3 km,10 mins,3.9 km,9 mins,19.6 km,1 hour 4 mins,4.2 km,10 mins,6.8 km,10 mins,10.3 km,12 mins,1.5 km,4 mins,1000 km,4000 mins,1000 km,4000 mins,1000 km,4000 mins,1000 km,4000 mins,1000 km,4000 mins,1000 km,4000 mins,1000 km,4000 mins,1000 km,4000 mins,1000 km,4000 mins,1000 km,4000 mins,1000 km,4000 mins,1000 km,4000 mins,1000 km,4000 mins,1000 km,4000 mins,1000 km,4000 mins,1000 km,4000 mins,1000 km,4000 mins,1000 km,4000 mins,1000 km,4000 mins,1000 km,4000 mins,1000 km,4000 mins,1000 km,4000 mins,1000 km,4000 mins,1000 km,4000 mins
77,712664807,2.4 km,6 mins,19.6 km,21 mins,1.9 km,6 mins,2.1 km,6 mins,15.2 km,21 mins,4.2 km,9 mins,12.2 km,15 mins,24.2 km,28 mins,18.0 km,1 hour 3 mins,14.1 km,17 mins,3.9 km,17 mins,9.0 km,13 mins,14.9 km,20 mins,2.7 km,12 mins,2.3 km,11 mins,2.0 km,7 mins,1.2 km,4 mins,1.9 km,6 mins,1.5 km,5 mins,17.5 km,1 hour 1 min,2.4 km,8 mins,7.3 km,11 mins,11.9 km,14 mins,3.6 km,10 mins,1000 km,4000 mins,1000 km,4000 mins,1000 km,4000 mins,1000 km,4000 mins,1000 km,4000 mins,1000 km,4000 mins,1000 km,4000 mins,1000 km,4000 mins,1000 km,4000 mins,1000 km,4000 mins,1000 km,4000 mins,1000 km,4000 mins,1000 km,4000 mins,1000 km,4000 mins,1000 km,4000 mins,1000 km,4000 mins,1000 km,4000 mins,1000 km,4000 mins,1000 km,4000 mins,1000 km,4000 mins,1000 km,4000 mins,1000 km,4000 mins,1000 km,4000 mins,1000 km,4000 mins
78,714782168,2.2 km,5 mins,19.4 km,20 mins,1.9 km,6 mins,1.7 km,5 mins,14.8 km,19 mins,4.0 km,8 mins,11.8 km,13 mins,24.0 km,28 mins,18.6 km,1 hour 4 mins,13.7 km,16 mins,4.2 km,18 mins,8.8 km,12 mins,14.8 km,20 mins,3.0 km,14 mins,1.7 km,9 mins,2.5 km,6 mins,1.1 km,3 mins,1.9 km,5 mins,1.5 km,4 mins,16.8 km,59 mins,4.9 km,8 mins,6.9 km,9 mins,11.5 km,12 mins,3.5 km,10 mins,1000 km,4000 mins,1000 km,4000 mins,1000 km,4000 mins,1000 km,4000 mins,1000 km,4000 mins,1000 km,4000 mins,1000 km,4000 mins,1000 km,4000 mins,1000 km,4000 mins,1000 km,4000 mins,1000 km,4000 mins,1000 km,4000 mins,1000 km,4000 mins,1000 km,4000 mins,1000 km,4000 mins,1000 km,4000 mins,1000 km,4000 mins,1000 km,4000 mins,1000 km,4000 mins,1000 km,4000 mins,1000 km,4000 mins,1000 km,4000 mins,1000 km,4000 mins,1000 km,4000 mins
79,727679560,13.6 km,15 mins,18.1 km,23 mins,13.2 km,16 mins,10.5 km,12 mins,3.3 km,7 mins,12.9 km,13 mins,1.0 km,3 mins,17.7 km,21 mins,31.0 km,1 hour 44 mins,2.3 km,4 mins,14.7 km,51 mins,16.3 km,18 mins,29.5 km,30 mins,15.5 km,54 mins,12.6 km,44 mins,14.6 km,17 mins,13.6 km,15 mins,13.7 km,18 mins,13.3 km,16 mins,11.7 km,40 mins,13.6 km,18 mins,6.6 km,9 mins,0.9 km,2 mins,11.4 km,14 mins,1000 km,4000 mins,1000 km,4000 mins,1000 km,4000 mins,1000 km,4000 mins,1000 km,4000 mins,1000 km,4000 mins,1000 km,4000 mins,1000 km,4000 mins,1000 km,4000 mins,1000 km,4000 mins,1000 km,4000 mins,1000 km,4000 mins,1000 km,4000 mins,1000 km,4000 mins,1000 km,4000 mins,1000 km,4000 mins,1000 km,4000 mins,1000 km,4000 mins,1000 km,4000 mins,1000 km,4000 mins,1000 km,4000 mins,1000 km,4000 mins,1000 km,4000 mins,1000 km,4000 mins
80,728081901,17.7 km,21 mins,17.6 km,20 mins,17.2 km,22 mins,14.6 km,17 mins,2.3 km,5 mins,17.0 km,19 mins,5.2 km,8 mins,14.5 km,16 mins,33.8 km,1 hour 51 mins,2.3 km,4 mins,17.6 km,58 mins,20.4 km,23 mins,33.6 km,36 mins,18.3 km,1 hour 1 min,17.5 km,56 mins,18.7 km,23 mins,17.6 km,21 mins,17.8 km,23 mins,17.4 km,22 mins,14.4 km,49 mins,17.7 km,23 mins,10.7 km,15 mins,4.9 km,8 mins,15.5 km,20 mins,1000 km,4000 mins,1000 km,4000 mins,1000 km,4000 mins,1000 km,4000 mins,1000 km,4000 mins,1000 km,4000 mins,1000 km,4000 mins,1000 km,4000 mins,1000 km,4000 mins,1000 km,4000 mins,1000 km,4000 mins,1000 km,4000 mins,1000 km,4000 mins,1000 km,4000 mins,1000 km,4000 mins,1000 km,4000 mins,1000 km,4000 mins,1000 km,4000 mins,1000 km,4000 mins,1000 km,4000 mins,1000 km,4000 mins,1000 km,4000 mins,1000 km,4000 mins,1000 km,4000 mins
81,740412946,4.0 km,7 mins,20.3 km,22 mins,5.0 km,10 mins,8.0 km,12 mins,20.4 km,25 mins,7.9 km,11 mins,17.4 km,19 mins,31.0 km,33 mins,12.9 km,44 mins,19.3 km,22 mins,6.7 km,26 mins,9.7 km,13 mins,10.2 km,14 mins,5.0 km,20 mins,8.1 km,31 mins,4.2 km,8 mins,6.0 km,9 mins,4.7 km,9 mins,4.8 km,9 mins,22.6 km,1 hour 21 mins,5.8 km,9 mins,12.5 km,15 mins,17.1 km,18 mins,10.4 km,16 mins,1000 km,4000 mins,1000 km,4000 mins,1000 km,4000 mins,1000 km,4000 mins,1000 km,4000 mins,1000 km,4000 mins,1000 km,4000 mins,1000 km,4000 mins,1000 km,4000 mins,1000 km,4000 mins,1000 km,4000 mins,1000 km,4000 mins,1000 km,4000 mins,1000 km,4000 mins,1000 km,4000 mins,1000 km,4000 mins,1000 km,4000 mins,1000 km,4000 mins,1000 km,4000 mins,1000 km,4000 mins,1000 km,4000 mins,1000 km,4000 mins,1000 km,4000 mins,1000 km,4000 mins
82,741595162,5.3 km,11 mins,16.5 km,17 mins,3.5 km,8 mins,3.5 km,8 mins,14.5 km,20 mins,3.3 km,5 mins,11.4 km,14 mins,21.2 km,21 mins,20.8 km,1 hour 10 mins,13.4 km,16 mins,4.4 km,19 mins,6.7 km,9 mins,21.9 km,22 mins,4.5 km,17 mins,3.3 km,12 mins,4.2 km,10 mins,4.3 km,9 mins,4.1 km,9 mins,3.7 km,8 mins,19.8 km,1 hour 5 mins,4.0 km,9 mins,6.6 km,10 mins,11.2 km,13 mins,0.8 km,3 mins,1000 km,4000 mins,1000 km,4000 mins,1000 km,4000 mins,1000 km,4000 mins,1000 km,4000 mins,1000 km,4000 mins,1000 km,4000 mins,1000 km,4000 mins,1000 km,4000 mins,1000 km,4000 mins,1000 km,4000 mins,1000 km,4000 mins,1000 km,4000 mins,1000 km,4000 mins,1000 km,4000 mins,1000 km,4000 mins,1000 km,4000 mins,1000 km,4000 mins,1000 km,4000 mins,1000 km,4000 mins,1000 km,4000 mins,1000 km,4000 mins,1000 km,4000 mins,1000 km,4000 mins
83,751167409,5.2 km,11 mins,16.6 km,18 mins,3.4 km,8 mins,3.3 km,9 mins,14.4 km,20 mins,3.2 km,5 mins,11.3 km,14 mins,21.3 km,21 mins,20.7 km,1 hour 10 mins,13.3 km,17 mins,4.5 km,19 mins,6.6 km,10 mins,21.7 km,23 mins,4.3 km,16 mins,3.2 km,11 mins,4.0 km,11 mins,4.2 km,10 mins,4.0 km,10 mins,3.5 km,9 mins,20.0 km,1 hour 5 mins,3.8 km,10 mins,6.4 km,10 mins,11.1 km,13 mins,0.8 km,2 mins,1000 km,4000 mins,1000 km,4000 mins,1000 km,4000 mins,1000 km,4000 mins,1000 km,4000 mins,1000 km,4000 mins,1000 km,4000 mins,1000 km,4000 mins,1000 km,4000 mins,1000 km,4000 mins,1000 km,4000 mins,1000 km,4000 mins,1000 km,4000 mins,1000 km,4000 mins,1000 km,4000 mins,1000 km,4000 mins,1000 km,4000 mins,1000 km,4000 mins,1000 km,4000 mins,1000 km,4000 mins,1000 km,4000 mins,1000 km,4000 mins,1000 km,4000 mins,1000 km,4000 mins
84,751920795,2.8 km,7 mins,16.5 km,19 mins,1.4 km,4 mins,2.4 km,7 mins,15.6 km,22 mins,4.0 km,8 mins,12.5 km,16 mins,24.1 km,28 mins,18.3 km,1 hour 4 mins,14.5 km,19 mins,3.5 km,14 mins,5.9 km,11 mins,15.1 km,21 mins,2.3 km,11 mins,2.2 km,11 mins,1.7 km,6 mins,1.8 km,5 mins,1.6 km,5 mins,1.2 km,4 mins,17.4 km,1 hour 1 min,1.8 km,6 mins,7.6 km,12 mins,12.2 km,15 mins,3.6 km,10 mins,1000 km,4000 mins,1000 km,4000 mins,1000 km,4000 mins,1000 km,4000 mins,1000 km,4000 mins,1000 km,4000 mins,1000 km,4000 mins,1000 km,4000 mins,1000 km,4000 mins,1000 km,4000 mins,1000 km,4000 mins,1000 km,4000 mins,1000 km,4000 mins,1000 km,4000 mins,1000 km,4000 mins,1000 km,4000 mins,1000 km,4000 mins,1000 km,4000 mins,1000 km,4000 mins,1000 km,4000 mins,1000 km,4000 mins,1000 km,4000 mins,1000 km,4000 mins,1000 km,4000 mins
85,755498685,5.2 km,11 mins,17.2 km,18 mins,3.5 km,7 mins,3.4 km,8 mins,14.4 km,19 mins,3.2 km,5 mins,11.4 km,13 mins,20.9 km,21 mins,20.9 km,1 hour 10 mins,13.3 km,16 mins,4.8 km,20 mins,6.6 km,9 mins,21.8 km,22 mins,4.5 km,17 mins,4.3 km,14 mins,4.1 km,10 mins,4.3 km,9 mins,4.0 km,9 mins,3.6 km,8 mins,19.6 km,1 hour 4 mins,3.9 km,9 mins,6.5 km,10 mins,11.1 km,13 mins,1.2 km,3 mins,1000 km,4000 mins,1000 km,4000 mins,1000 km,4000 mins,1000 km,4000 mins,1000 km,4000 mins,1000 km,4000 mins,1000 km,4000 mins,1000 km,4000 mins,1000 km,4000 mins,1000 km,4000 mins,1000 km,4000 mins,1000 km,4000 mins,1000 km,4000 mins,1000 km,4000 mins,1000 km,4000 mins,1000 km,4000 mins,1000 km,4000 mins,1000 km,4000 mins,1000 km,4000 mins,1000 km,4000 mins,1000 km,4000 mins,1000 km,4000 mins,1000 km,4000 mins,1000 km,4000 mins
86,756396600,2.8 km,6 mins,16.4 km,19 mins,1.3 km,4 mins,2.4 km,7 mins,15.6 km,22 mins,4.0 km,7 mins,12.5 km,16 mins,24.1 km,27 mins,18.4 km,1 hour 5 mins,14.5 km,19 mins,3.5 km,15 mins,5.8 km,10 mins,15.1 km,20 mins,2.3 km,12 mins,1.9 km,10 mins,1.7 km,5 mins,1.8 km,5 mins,1.6 km,4 mins,1.2 km,3 mins,17.1 km,1 hour 0 mins,1.8 km,5 mins,7.6 km,12 mins,12.3 km,15 mins,3.6 km,10 mins,1000 km,4000 mins,1000 km,4000 mins,1000 km,4000 mins,1000 km,4000 mins,1000 km,4000 mins,1000 km,4000 mins,1000 km,4000 mins,1000 km,4000 mins,1000 km,4000 mins,1000 km,4000 mins,1000 km,4000 mins,1000 km,4000 mins,1000 km,4000 mins,1000 km,4000 mins,1000 km,4000 mins,1000 km,4000 mins,1000 km,4000 mins,1000 km,4000 mins,1000 km,4000 mins,1000 km,4000 mins,1000 km,4000 mins,1000 km,4000 mins,1000 km,4000 mins,1000 km,4000 mins
87,762149315,17.7 km,21 mins,17.9 km,19 mins,17.2 km,22 mins,14.6 km,18 mins,1.0 km,3 mins,17.0 km,19 mins,5.0 km,10 mins,14.3 km,15 mins,35.9 km,2 hours 0 mins,2.3 km,4 mins,19.7 km,1 hour 8 mins,20.4 km,24 mins,33.6 km,36 mins,20.5 km,1 hour 10 mins,19.6 km,1 hour 6 mins,18.7 km,24 mins,17.7 km,21 mins,17.8 km,24 mins,17.4 km,23 mins,14.2 km,48 mins,17.7 km,24 mins,10.7 km,15 mins,5.0 km,8 mins,15.5 km,20 mins,1000 km,4000 mins,1000 km,4000 mins,1000 km,4000 mins,1000 km,4000 mins,1000 km,4000 mins,1000 km,4000 mins,1000 km,4000 mins,1000 km,4000 mins,1000 km,4000 mins,1000 km,4000 mins,1000 km,4000 mins,1000 km,4000 mins,1000 km,4000 mins,1000 km,4000 mins,1000 km,4000 mins,1000 km,4000 mins,1000 km,4000 mins,1000 km,4000 mins,1000 km,4000 mins,1000 km,4000 mins,1000 km,4000 mins,1000 km,4000 mins,1000 km,4000 mins,1000 km,4000 mins
88,762304005,2.9 km,6 mins,16.2 km,17 mins,1.1 km,2 mins,2.4 km,7 mins,15.3 km,20 mins,3.2 km,5 mins,12.2 km,14 mins,23.2 km,24 mins,18.4 km,1 hour 4 mins,14.2 km,17 mins,3.2 km,13 mins,5.6 km,9 mins,15.2 km,20 mins,2.0 km,10 mins,2.4 km,13 mins,1.7 km,5 mins,1.9 km,4 mins,1.6 km,4 mins,1.2 km,3 mins,17.6 km,1 hour 2 mins,1.5 km,4 mins,7.3 km,11 mins,11.9 km,14 mins,2.7 km,7 mins,1000 km,4000 mins,1000 km,4000 mins,1000 km,4000 mins,1000 km,4000 mins,1000 km,4000 mins,1000 km,4000 mins,1000 km,4000 mins,1000 km,4000 mins,1000 km,4000 mins,1000 km,4000 mins,1000 km,4000 mins,1000 km,4000 mins,1000 km,4000 mins,1000 km,4000 mins,1000 km,4000 mins,1000 km,4000 mins,1000 km,4000 mins,1000 km,4000 mins,1000 km,4000 mins,1000 km,4000 mins,1000 km,4000 mins,1000 km,4000 mins,1000 km,4000 mins,1000 km,4000 mins
89,764206151,16.9 km,17 mins,34.8 km,33 mins,18.5 km,19 mins,17.9 km,18 mins,30.3 km,30 mins,22.6 km,22 mins,27.3 km,24 mins,43.6 km,40 mins,20.9 km,1 hour 10 mins,29.2 km,27 mins,20.1 km,1 hour 6 mins,24.2 km,24 mins,20.0 km,24 mins,18.3 km,1 hour 1 min,17.5 km,58 mins,17.9 km,19 mins,16.8 km,16 mins,18.0 km,19 mins,18.1 km,18 mins,24.2 km,1 hour 23 mins,20.3 km,20 mins,22.4 km,21 mins,27.0 km,24 mins,21.0 km,23 mins,1000 km,4000 mins,1000 km,4000 mins,1000 km,4000 mins,1000 km,4000 mins,1000 km,4000 mins,1000 km,4000 mins,1000 km,4000 mins,1000 km,4000 mins,1000 km,4000 mins,1000 km,4000 mins,1000 km,4000 mins,1000 km,4000 mins,1000 km,4000 mins,1000 km,4000 mins,1000 km,4000 mins,1000 km,4000 mins,1000 km,4000 mins,1000 km,4000 mins,1000 km,4000 mins,1000 km,4000 mins,1000 km,4000 mins,1000 km,4000 mins,1000 km,4000 mins,1000 km,4000 mins
90,772073740,16.5 km,17 mins,29.4 km,33 mins,18.0 km,19 mins,17.5 km,18 mins,29.9 km,31 mins,22.2 km,22 mins,26.8 km,25 mins,43.2 km,40 mins,10.1 km,36 mins,28.8 km,27 mins,15.8 km,53 mins,18.8 km,24 mins,9.2 km,12 mins,14.1 km,47 mins,16.6 km,59 mins,13.3 km,19 mins,16.4 km,17 mins,17.6 km,19 mins,17.6 km,18 mins,29.9 km,1 hour 45 mins,14.9 km,20 mins,21.9 km,21 mins,26.6 km,24 mins,20.6 km,23 mins,1000 km,4000 mins,1000 km,4000 mins,1000 km,4000 mins,1000 km,4000 mins,1000 km,4000 mins,1000 km,4000 mins,1000 km,4000 mins,1000 km,4000 mins,1000 km,4000 mins,1000 km,4000 mins,1000 km,4000 mins,1000 km,4000 mins,1000 km,4000 mins,1000 km,4000 mins,1000 km,4000 mins,1000 km,4000 mins,1000 km,4000 mins,1000 km,4000 mins,1000 km,4000 mins,1000 km,4000 mins,1000 km,4000 mins,1000 km,4000 mins,1000 km,4000 mins,1000 km,4000 mins
91,793803218,4.9 km,10 mins,17.8 km,19 mins,3.1 km,7 mins,1.7 km,6 mins,13.5 km,18 mins,3.8 km,5 mins,10.5 km,12 mins,22.8 km,24 mins,20.4 km,1 hour 10 mins,12.4 km,15 mins,5.2 km,20 mins,7.1 km,10 mins,22.3 km,23 mins,4.0 km,16 mins,2.0 km,7 mins,3.7 km,9 mins,3.9 km,9 mins,3.6 km,8 mins,3.2 km,7 mins,16.4 km,56 mins,3.5 km,8 mins,5.6 km,8 mins,10.2 km,11 mins,2.2 km,6 mins,1000 km,4000 mins,1000 km,4000 mins,1000 km,4000 mins,1000 km,4000 mins,1000 km,4000 mins,1000 km,4000 mins,1000 km,4000 mins,1000 km,4000 mins,1000 km,4000 mins,1000 km,4000 mins,1000 km,4000 mins,1000 km,4000 mins,1000 km,4000 mins,1000 km,4000 mins,1000 km,4000 mins,1000 km,4000 mins,1000 km,4000 mins,1000 km,4000 mins,1000 km,4000 mins,1000 km,4000 mins,1000 km,4000 mins,1000 km,4000 mins,1000 km,4000 mins,1000 km,4000 mins
92,794098228,16.6 km,20 mins,17.9 km,21 mins,16.2 km,21 mins,13.5 km,16 mins,1.0 km,3 mins,15.9 km,18 mins,4.1 km,7 mins,14.8 km,17 mins,34.8 km,1 hour 56 mins,1.2 km,2 mins,18.6 km,1 hour 3 mins,19.3 km,22 mins,32.5 km,35 mins,19.4 km,1 hour 6 mins,18.5 km,1 hour 1 min,17.6 km,22 mins,16.6 km,20 mins,16.7 km,22 mins,16.3 km,21 mins,13.7 km,48 mins,16.6 km,22 mins,9.6 km,13 mins,3.9 km,7 mins,14.4 km,18 mins,1000 km,4000 mins,1000 km,4000 mins,1000 km,4000 mins,1000 km,4000 mins,1000 km,4000 mins,1000 km,4000 mins,1000 km,4000 mins,1000 km,4000 mins,1000 km,4000 mins,1000 km,4000 mins,1000 km,4000 mins,1000 km,4000 mins,1000 km,4000 mins,1000 km,4000 mins,1000 km,4000 mins,1000 km,4000 mins,1000 km,4000 mins,1000 km,4000 mins,1000 km,4000 mins,1000 km,4000 mins,1000 km,4000 mins,1000 km,4000 mins,1000 km,4000 mins,1000 km,4000 mins
93,803656603,2.0 km,4 mins,16.3 km,18 mins,1.6 km,4 mins,4.4 km,11 mins,17.6 km,25 mins,3.9 km,6 mins,14.6 km,19 mins,25.6 km,29 mins,16.5 km,55 mins,16.5 km,22 mins,3.2 km,13 mins,5.7 km,9 mins,13.2 km,18 mins,0.6 km,3 mins,3.8 km,18 mins,0.9 km,2 mins,2.4 km,5 mins,1.0 km,2 mins,1.4 km,3 mins,19.1 km,1 hour 7 mins,1.1 km,3 mins,9.7 km,16 mins,14.3 km,19 mins,5.0 km,12 mins,1000 km,4000 mins,1000 km,4000 mins,1000 km,4000 mins,1000 km,4000 mins,1000 km,4000 mins,1000 km,4000 mins,1000 km,4000 mins,1000 km,4000 mins,1000 km,4000 mins,1000 km,4000 mins,1000 km,4000 mins,1000 km,4000 mins,1000 km,4000 mins,1000 km,4000 mins,1000 km,4000 mins,1000 km,4000 mins,1000 km,4000 mins,1000 km,4000 mins,1000 km,4000 mins,1000 km,4000 mins,1000 km,4000 mins,1000 km,4000 mins,1000 km,4000 mins,1000 km,4000 mins
94,814940942,2.2 km,6 mins,16.5 km,19 mins,1.4 km,4 mins,3.0 km,9 mins,16.2 km,23 mins,4.1 km,7 mins,13.2 km,17 mins,24.2 km,27 mins,17.7 km,1 hour 2 mins,15.1 km,20 mins,3.5 km,14 mins,5.9 km,10 mins,14.5 km,20 mins,2.4 km,11 mins,2.5 km,12 mins,1.1 km,5 mins,1.2 km,4 mins,1.0 km,4 mins,0.5 km,3 mins,17.7 km,1 hour 2 mins,1.9 km,5 mins,8.3 km,13 mins,12.9 km,16 mins,3.6 km,9 mins,1000 km,4000 mins,1000 km,4000 mins,1000 km,4000 mins,1000 km,4000 mins,1000 km,4000 mins,1000 km,4000 mins,1000 km,4000 mins,1000 km,4000 mins,1000 km,4000 mins,1000 km,4000 mins,1000 km,4000 mins,1000 km,4000 mins,1000 km,4000 mins,1000 km,4000 mins,1000 km,4000 mins,1000 km,4000 mins,1000 km,4000 mins,1000 km,4000 mins,1000 km,4000 mins,1000 km,4000 mins,1000 km,4000 mins,1000 km,4000 mins,1000 km,4000 mins,1000 km,4000 mins
95,817127257,1.8 km,4 mins,16.5 km,18 mins,1.5 km,4 mins,4.3 km,11 mins,17.5 km,25 mins,4.1 km,7 mins,14.4 km,19 mins,25.5 km,29 mins,16.2 km,54 mins,16.4 km,22 mins,3.5 km,12 mins,5.9 km,9 mins,13.1 km,18 mins,0.9 km,3 mins,4.1 km,17 mins,0.7 km,2 mins,2.3 km,5 mins,0.9 km,2 mins,1.2 km,3 mins,19.3 km,1 hour 7 mins,1.4 km,4 mins,9.6 km,16 mins,14.2 km,19 mins,4.9 km,12 mins,1000 km,4000 mins,1000 km,4000 mins,1000 km,4000 mins,1000 km,4000 mins,1000 km,4000 mins,1000 km,4000 mins,1000 km,4000 mins,1000 km,4000 mins,1000 km,4000 mins,1000 km,4000 mins,1000 km,4000 mins,1000 km,4000 mins,1000 km,4000 mins,1000 km,4000 mins,1000 km,4000 mins,1000 km,4000 mins,1000 km,4000 mins,1000 km,4000 mins,1000 km,4000 mins,1000 km,4000 mins,1000 km,4000 mins,1000 km,4000 mins,1000 km,4000 mins,1000 km,4000 mins
96,817947464,1.1 km,3 mins,18.0 km,18 mins,1.2 km,4 mins,3.9 km,11 mins,17.3 km,23 mins,5.6 km,7 mins,14.3 km,17 mins,25.1 km,29 mins,17.5 km,1 hour 0 mins,16.2 km,20 mins,4.1 km,16 mins,7.4 km,9 mins,13.4 km,17 mins,2.2 km,10 mins,4.1 km,18 mins,0.8 km,4 mins,1.6 km,4 mins,1.0 km,3 mins,0.7 km,2 mins,19.3 km,1 hour 8 mins,3.5 km,6 mins,9.4 km,13 mins,14.0 km,16 mins,4.5 km,11 mins,1000 km,4000 mins,1000 km,4000 mins,1000 km,4000 mins,1000 km,4000 mins,1000 km,4000 mins,1000 km,4000 mins,1000 km,4000 mins,1000 km,4000 mins,1000 km,4000 mins,1000 km,4000 mins,1000 km,4000 mins,1000 km,4000 mins,1000 km,4000 mins,1000 km,4000 mins,1000 km,4000 mins,1000 km,4000 mins,1000 km,4000 mins,1000 km,4000 mins,1000 km,4000 mins,1000 km,4000 mins,1000 km,4000 mins,1000 km,4000 mins,1000 km,4000 mins,1000 km,4000 mins
97,824480809,2.9 km,6 mins,16.2 km,18 mins,1.1 km,2 mins,2.3 km,7 mins,15.6 km,21 mins,3.0 km,4 mins,12.5 km,15 mins,23.5 km,25 mins,18.4 km,1 hour 4 mins,14.5 km,18 mins,3.2 km,13 mins,5.6 km,9 mins,15.2 km,20 mins,2.1 km,10 mins,2.3 km,13 mins,1.8 km,5 mins,1.9 km,4 mins,1.7 km,4 mins,1.3 km,3 mins,17.5 km,1 hour 2 mins,1.6 km,4 mins,7.6 km,11 mins,12.2 km,14 mins,3.0 km,7 mins,1000 km,4000 mins,1000 km,4000 mins,1000 km,4000 mins,1000 km,4000 mins,1000 km,4000 mins,1000 km,4000 mins,1000 km,4000 mins,1000 km,4000 mins,1000 km,4000 mins,1000 km,4000 mins,1000 km,4000 mins,1000 km,4000 mins,1000 km,4000 mins,1000 km,4000 mins,1000 km,4000 mins,1000 km,4000 mins,1000 km,4000 mins,1000 km,4000 mins,1000 km,4000 mins,1000 km,4000 mins,1000 km,4000 mins,1000 km,4000 mins,1000 km,4000 mins,1000 km,4000 mins
98,826666511,8.7 km,13 mins,26.6 km,30 mins,10.3 km,16 mins,9.8 km,15 mins,22.2 km,27 mins,14.3 km,19 mins,19.2 km,21 mins,35.5 km,37 mins,20.5 km,1 hour 8 mins,21.1 km,24 mins,12.9 km,45 mins,16.0 km,21 mins,17.8 km,22 mins,11.1 km,39 mins,9.8 km,38 mins,9.7 km,15 mins,8.6 km,13 mins,9.8 km,15 mins,9.9 km,15 mins,18.4 km,1 hour 4 mins,12.1 km,17 mins,14.3 km,18 mins,18.9 km,21 mins,12.9 km,19 mins,1000 km,4000 mins,1000 km,4000 mins,1000 km,4000 mins,1000 km,4000 mins,1000 km,4000 mins,1000 km,4000 mins,1000 km,4000 mins,1000 km,4000 mins,1000 km,4000 mins,1000 km,4000 mins,1000 km,4000 mins,1000 km,4000 mins,1000 km,4000 mins,1000 km,4000 mins,1000 km,4000 mins,1000 km,4000 mins,1000 km,4000 mins,1000 km,4000 mins,1000 km,4000 mins,1000 km,4000 mins,1000 km,4000 mins,1000 km,4000 mins,1000 km,4000 mins,1000 km,4000 mins
99,827142453,7.6 km,11 mins,13.3 km,14 mins,5.2 km,9 mins,6.4 km,11 mins,14.5 km,20 mins,3.0 km,4 mins,11.5 km,14 mins,21.9 km,22 mins,19.3 km,1 hour 5 mins,13.4 km,17 mins,3.0 km,12 mins,2.7 km,6 mins,21.2 km,22 mins,4.9 km,20 mins,5.8 km,24 mins,6.5 km,10 mins,6.0 km,10 mins,5.8 km,10 mins,5.3 km,9 mins,20.4 km,1 hour 9 mins,5.4 km,9 mins,8.4 km,12 mins,11.2 km,14 mins,5.2 km,7 mins,1000 km,4000 mins,1000 km,4000 mins,1000 km,4000 mins,1000 km,4000 mins,1000 km,4000 mins,1000 km,4000 mins,1000 km,4000 mins,1000 km,4000 mins,1000 km,4000 mins,1000 km,4000 mins,1000 km,4000 mins,1000 km,4000 mins,1000 km,4000 mins,1000 km,4000 mins,1000 km,4000 mins,1000 km,4000 mins,1000 km,4000 mins,1000 km,4000 mins,1000 km,4000 mins,1000 km,4000 mins,1000 km,4000 mins,1000 km,4000 mins,1000 km,4000 mins,1000 km,4000 mins
100,833548586,5.5 km,9 mins,18.1 km,19 mins,2.8 km,7 mins,1.0 km,4 mins,13.2 km,17 mins,4.1 km,5 mins,10.1 km,11 mins,23.1 km,24 mins,19.7 km,1 hour 10 mins,12.1 km,14 mins,5.0 km,19 mins,7.5 km,10 mins,22.7 km,23 mins,3.8 km,16 mins,1.0 km,4 mins,3.5 km,10 mins,3.7 km,9 mins,3.4 km,9 mins,3.0 km,8 mins,15.9 km,53 mins,3.3 km,9 mins,5.2 km,7 mins,9.8 km,10 mins,2.6 km,6 mins,1000 km,4000 mins,1000 km,4000 mins,1000 km,4000 mins,1000 km,4000 mins,1000 km,4000 mins,1000 km,4000 mins,1000 km,4000 mins,1000 km,4000 mins,1000 km,4000 mins,1000 km,4000 mins,1000 km,4000 mins,1000 km,4000 mins,1000 km,4000 mins,1000 km,4000 mins,1000 km,4000 mins,1000 km,4000 mins,1000 km,4000 mins,1000 km,4000 mins,1000 km,4000 mins,1000 km,4000 mins,1000 km,4000 mins,1000 km,4000 mins,1000 km,4000 mins,1000 km,4000 mins
101,855391156,1.0 km,3 mins,18.0 km,18 mins,1.5 km,4 mins,4.4 km,11 mins,17.3 km,23 mins,5.6 km,7 mins,14.3 km,17 mins,25.7 km,30 mins,17.3 km,59 mins,16.2 km,20 mins,4.2 km,16 mins,7.4 km,9 mins,13.4 km,17 mins,2.4 km,10 mins,4.2 km,18 mins,0.8 km,3 mins,1.5 km,4 mins,1.0 km,3 mins,0.9 km,3 mins,19.4 km,1 hour 8 mins,3.5 km,5 mins,9.4 km,13 mins,14.0 km,16 mins,5.2 km,12 mins,1000 km,4000 mins,1000 km,4000 mins,1000 km,4000 mins,1000 km,4000 mins,1000 km,4000 mins,1000 km,4000 mins,1000 km,4000 mins,1000 km,4000 mins,1000 km,4000 mins,1000 km,4000 mins,1000 km,4000 mins,1000 km,4000 mins,1000 km,4000 mins,1000 km,4000 mins,1000 km,4000 mins,1000 km,4000 mins,1000 km,4000 mins,1000 km,4000 mins,1000 km,4000 mins,1000 km,4000 mins,1000 km,4000 mins,1000 km,4000 mins,1000 km,4000 mins,1000 km,4000 mins
102,858147751,2.8 km,7 mins,15.7 km,17 mins,0.7 km,2 mins,3.3 km,9 mins,16.5 km,23 mins,3.3 km,6 mins,13.4 km,17 mins,24.5 km,27 mins,17.9 km,1 hour 0 mins,15.4 km,20 mins,2.7 km,10 mins,5.1 km,8 mins,15.2 km,20 mins,1.4 km,5 mins,3.0 km,15 mins,1.7 km,5 mins,2.4 km,5 mins,1.8 km,4 mins,1.2 km,3 mins,18.2 km,1 hour 5 mins,0.9 km,2 mins,8.6 km,14 mins,13.2 km,17 mins,3.9 km,10 mins,1000 km,4000 mins,1000 km,4000 mins,1000 km,4000 mins,1000 km,4000 mins,1000 km,4000 mins,1000 km,4000 mins,1000 km,4000 mins,1000 km,4000 mins,1000 km,4000 mins,1000 km,4000 mins,1000 km,4000 mins,1000 km,4000 mins,1000 km,4000 mins,1000 km,4000 mins,1000 km,4000 mins,1000 km,4000 mins,1000 km,4000 mins,1000 km,4000 mins,1000 km,4000 mins,1000 km,4000 mins,1000 km,4000 mins,1000 km,4000 mins,1000 km,4000 mins,1000 km,4000 mins
103,859852985,16.3 km,19 mins,17.7 km,20 mins,15.8 km,20 mins,13.1 km,15 mins,1.0 km,3 mins,15.6 km,17 mins,3.7 km,6 mins,14.6 km,16 mins,34.5 km,1 hour 55 mins,0.8 km,2 mins,18.3 km,1 hour 2 mins,18.9 km,21 mins,32.1 km,34 mins,19.1 km,1 hour 5 mins,18.2 km,1 hour 0 mins,17.2 km,21 mins,16.2 km,19 mins,16.3 km,21 mins,15.9 km,20 mins,14.3 km,49 mins,16.2 km,21 mins,9.2 km,13 mins,3.5 km,6 mins,14.0 km,18 mins,1000 km,4000 mins,1000 km,4000 mins,1000 km,4000 mins,1000 km,4000 mins,1000 km,4000 mins,1000 km,4000 mins,1000 km,4000 mins,1000 km,4000 mins,1000 km,4000 mins,1000 km,4000 mins,1000 km,4000 mins,1000 km,4000 mins,1000 km,4000 mins,1000 km,4000 mins,1000 km,4000 mins,1000 km,4000 mins,1000 km,4000 mins,1000 km,4000 mins,1000 km,4000 mins,1000 km,4000 mins,1000 km,4000 mins,1000 km,4000 mins,1000 km,4000 mins,1000 km,4000 mins
104,860937824,4.7 km,7 mins,19.7 km,20 mins,4.4 km,8 mins,8.1 km,13 mins,20.5 km,26 mins,7.3 km,9 mins,17.4 km,20 mins,30.4 km,31 mins,12.9 km,43 mins,19.4 km,23 mins,6.1 km,24 mins,9.1 km,11 mins,10.6 km,14 mins,4.4 km,18 mins,7.9 km,31 mins,3.6 km,6 mins,5.2 km,8 mins,4.1 km,7 mins,4.2 km,7 mins,22.7 km,1 hour 22 mins,5.2 km,7 mins,12.6 km,16 mins,17.2 km,19 mins,9.8 km,14 mins,1000 km,4000 mins,1000 km,4000 mins,1000 km,4000 mins,1000 km,4000 mins,1000 km,4000 mins,1000 km,4000 mins,1000 km,4000 mins,1000 km,4000 mins,1000 km,4000 mins,1000 km,4000 mins,1000 km,4000 mins,1000 km,4000 mins,1000 km,4000 mins,1000 km,4000 mins,1000 km,4000 mins,1000 km,4000 mins,1000 km,4000 mins,1000 km,4000 mins,1000 km,4000 mins,1000 km,4000 mins,1000 km,4000 mins,1000 km,4000 mins,1000 km,4000 mins,1000 km,4000 mins
105,861502972,17.8 km,22 mins,17.0 km,19 mins,17.3 km,23 mins,14.7 km,18 mins,1.1 km,4 mins,17.1 km,20 mins,5.0 km,10 mins,13.4 km,15 mins,35.7 km,1 hour 58 mins,2.3 km,4 mins,19.4 km,1 hour 5 mins,20.5 km,24 mins,33.7 km,37 mins,20.2 km,1 hour 8 mins,19.4 km,1 hour 3 mins,18.8 km,24 mins,17.7 km,21 mins,17.9 km,24 mins,17.4 km,23 mins,14.4 km,50 mins,17.7 km,24 mins,10.7 km,15 mins,5.0 km,8 mins,15.5 km,20 mins,1000 km,4000 mins,1000 km,4000 mins,1000 km,4000 mins,1000 km,4000 mins,1000 km,4000 mins,1000 km,4000 mins,1000 km,4000 mins,1000 km,4000 mins,1000 km,4000 mins,1000 km,4000 mins,1000 km,4000 mins,1000 km,4000 mins,1000 km,4000 mins,1000 km,4000 mins,1000 km,4000 mins,1000 km,4000 mins,1000 km,4000 mins,1000 km,4000 mins,1000 km,4000 mins,1000 km,4000 mins,1000 km,4000 mins,1000 km,4000 mins,1000 km,4000 mins,1000 km,4000 mins
106,863339627,2.4 km,6 mins,19.6 km,21 mins,1.9 km,6 mins,2.1 km,6 mins,15.2 km,21 mins,4.2 km,9 mins,12.2 km,15 mins,24.2 km,28 mins,18.0 km,1 hour 3 mins,14.1 km,17 mins,3.9 km,17 mins,9.0 km,13 mins,14.9 km,20 mins,2.7 km,12 mins,2.3 km,11 mins,2.0 km,7 mins,1.2 km,4 mins,1.9 km,6 mins,1.5 km,5 mins,17.5 km,1 hour 1 min,2.4 km,8 mins,7.3 km,11 mins,11.9 km,14 mins,3.6 km,10 mins,1000 km,4000 mins,1000 km,4000 mins,1000 km,4000 mins,1000 km,4000 mins,1000 km,4000 mins,1000 km,4000 mins,1000 km,4000 mins,1000 km,4000 mins,1000 km,4000 mins,1000 km,4000 mins,1000 km,4000 mins,1000 km,4000 mins,1000 km,4000 mins,1000 km,4000 mins,1000 km,4000 mins,1000 km,4000 mins,1000 km,4000 mins,1000 km,4000 mins,1000 km,4000 mins,1000 km,4000 mins,1000 km,4000 mins,1000 km,4000 mins,1000 km,4000 mins,1000 km,4000 mins
107,863374497,8.4 km,10 mins,15.9 km,16 mins,3.7 km,7 mins,3.7 km,8 mins,13.9 km,19 mins,3.4 km,4 mins,10.9 km,13 mins,21.3 km,20 mins,21.1 km,1 hour 12 mins,12.8 km,16 mins,4.0 km,15 mins,6.8 km,9 mins,22.0 km,22 mins,4.7 km,18 mins,5.0 km,17 mins,4.4 km,10 mins,4.6 km,9 mins,4.3 km,9 mins,3.9 km,8 mins,20.0 km,1 hour 5 mins,4.2 km,9 mins,6.8 km,10 mins,10.6 km,12 mins,0.8 km,2 mins,1000 km,4000 mins,1000 km,4000 mins,1000 km,4000 mins,1000 km,4000 mins,1000 km,4000 mins,1000 km,4000 mins,1000 km,4000 mins,1000 km,4000 mins,1000 km,4000 mins,1000 km,4000 mins,1000 km,4000 mins,1000 km,4000 mins,1000 km,4000 mins,1000 km,4000 mins,1000 km,4000 mins,1000 km,4000 mins,1000 km,4000 mins,1000 km,4000 mins,1000 km,4000 mins,1000 km,4000 mins,1000 km,4000 mins,1000 km,4000 mins,1000 km,4000 mins,1000 km,4000 mins
108,864411156,17.8 km,22 mins,17.0 km,19 mins,17.3 km,23 mins,14.7 km,18 mins,1.1 km,4 mins,17.1 km,20 mins,5.0 km,10 mins,13.4 km,15 mins,35.7 km,1 hour 58 mins,2.3 km,4 mins,19.4 km,1 hour 5 mins,20.5 km,24 mins,33.7 km,37 mins,20.2 km,1 hour 8 mins,19.4 km,1 hour 3 mins,18.8 km,24 mins,17.7 km,21 mins,17.9 km,24 mins,17.4 km,23 mins,14.4 km,50 mins,17.7 km,24 mins,10.7 km,15 mins,5.0 km,8 mins,15.5 km,20 mins,1000 km,4000 mins,1000 km,4000 mins,1000 km,4000 mins,1000 km,4000 mins,1000 km,4000 mins,1000 km,4000 mins,1000 km,4000 mins,1000 km,4000 mins,1000 km,4000 mins,1000 km,4000 mins,1000 km,4000 mins,1000 km,4000 mins,1000 km,4000 mins,1000 km,4000 mins,1000 km,4000 mins,1000 km,4000 mins,1000 km,4000 mins,1000 km,4000 mins,1000 km,4000 mins,1000 km,4000 mins,1000 km,4000 mins,1000 km,4000 mins,1000 km,4000 mins,1000 km,4000 mins
109,867813356,15.2 km,16 mins,8.0 km,8 mins,12.3 km,14 mins,11.8 km,16 mins,18.7 km,20 mins,10.2 km,10 mins,12.7 km,16 mins,18.8 km,19 mins,22.2 km,1 hour 12 mins,14.6 km,19 mins,9.7 km,32 mins,11.0 km,12 mins,22.6 km,24 mins,11.6 km,40 mins,13.8 km,43 mins,14.1 km,15 mins,13.2 km,16 mins,12.9 km,16 mins,12.5 km,15 mins,23.0 km,1 hour 15 mins,12.9 km,15 mins,12.1 km,15 mins,12.4 km,16 mins,8.9 km,10 mins,1000 km,4000 mins,1000 km,4000 mins,1000 km,4000 mins,1000 km,4000 mins,1000 km,4000 mins,1000 km,4000 mins,1000 km,4000 mins,1000 km,4000 mins,1000 km,4000 mins,1000 km,4000 mins,1000 km,4000 mins,1000 km,4000 mins,1000 km,4000 mins,1000 km,4000 mins,1000 km,4000 mins,1000 km,4000 mins,1000 km,4000 mins,1000 km,4000 mins,1000 km,4000 mins,1000 km,4000 mins,1000 km,4000 mins,1000 km,4000 mins,1000 km,4000 mins,1000 km,4000 mins
110,1452740690,3.9 km,6 mins,15.6 km,16 mins,1.8 km,5 mins,4.2 km,12 mins,18.3 km,23 mins,3.2 km,5 mins,15.3 km,17 mins,26.3 km,27 mins,17.2 km,57 mins,17.2 km,20 mins,2.6 km,9 mins,5.0 km,7 mins,14.3 km,18 mins,0.3 km,1 min,4.2 km,18 mins,1.6 km,4 mins,4.4 km,6 mins,1.8 km,4 mins,2.1 km,5 mins,19.4 km,1 hour 8 mins,0.6 km,2 mins,10.4 km,13 mins,15.0 km,16 mins,5.7 km,9 mins,1000 km,4000 mins,1000 km,4000 mins,1000 km,4000 mins,1000 km,4000 mins,1000 km,4000 mins,1000 km,4000 mins,1000 km,4000 mins,1000 km,4000 mins,1000 km,4000 mins,1000 km,4000 mins,1000 km,4000 mins,1000 km,4000 mins,1000 km,4000 mins,1000 km,4000 mins,1000 km,4000 mins,1000 km,4000 mins,1000 km,4000 mins,1000 km,4000 mins,1000 km,4000 mins,1000 km,4000 mins,1000 km,4000 mins,1000 km,4000 mins,1000 km,4000 mins,1000 km,4000 mins
111,1452763176,5.0 km,10 mins,17.0 km,17 mins,3.2 km,7 mins,3.2 km,7 mins,14.2 km,19 mins,3.0 km,4 mins,11.1 km,13 mins,21.3 km,21 mins,20.5 km,1 hour 10 mins,13.1 km,16 mins,5.3 km,19 mins,6.4 km,8 mins,21.6 km,22 mins,4.2 km,16 mins,3.0 km,11 mins,3.9 km,9 mins,4.0 km,8 mins,3.8 km,8 mins,3.4 km,7 mins,19.9 km,1 hour 5 mins,3.7 km,8 mins,6.3 km,9 mins,10.9 km,12 mins,0.9 km,3 mins,1000 km,4000 mins,1000 km,4000 mins,1000 km,4000 mins,1000 km,4000 mins,1000 km,4000 mins,1000 km,4000 mins,1000 km,4000 mins,1000 km,4000 mins,1000 km,4000 mins,1000 km,4000 mins,1000 km,4000 mins,1000 km,4000 mins,1000 km,4000 mins,1000 km,4000 mins,1000 km,4000 mins,1000 km,4000 mins,1000 km,4000 mins,1000 km,4000 mins,1000 km,4000 mins,1000 km,4000 mins,1000 km,4000 mins,1000 km,4000 mins,1000 km,4000 mins,1000 km,4000 mins
112,1452775101,4.5 km,6 mins,19.5 km,19 mins,4.2 km,7 mins,7.8 km,13 mins,20.7 km,25 mins,7.1 km,8 mins,17.7 km,19 mins,30.2 km,30 mins,13.6 km,46 mins,19.6 km,22 mins,5.9 km,24 mins,8.9 km,10 mins,9.2 km,12 mins,4.6 km,18 mins,8.0 km,32 mins,3.4 km,4 mins,5.0 km,6 mins,3.9 km,6 mins,4.0 km,6 mins,25.4 km,1 hour 27 mins,5.0 km,6 mins,12.8 km,16 mins,17.4 km,19 mins,9.6 km,12 mins,1000 km,4000 mins,1000 km,4000 mins,1000 km,4000 mins,1000 km,4000 mins,1000 km,4000 mins,1000 km,4000 mins,1000 km,4000 mins,1000 km,4000 mins,1000 km,4000 mins,1000 km,4000 mins,1000 km,4000 mins,1000 km,4000 mins,1000 km,4000 mins,1000 km,4000 mins,1000 km,4000 mins,1000 km,4000 mins,1000 km,4000 mins,1000 km,4000 mins,1000 km,4000 mins,1000 km,4000 mins,1000 km,4000 mins,1000 km,4000 mins,1000 km,4000 mins,1000 km,4000 mins
113,1452858131,6.8 km,9 mins,23.2 km,25 mins,8.2 km,12 mins,5.1 km,9 mins,17.0 km,21 mins,9.2 km,12 mins,13.9 km,15 mins,28.2 km,30 mins,21.9 km,1 hour 14 mins,15.9 km,18 mins,9.7 km,40 mins,12.6 km,17 mins,20.1 km,25 mins,8.5 km,36 mins,5.5 km,22 mins,7.8 km,12 mins,6.4 km,8 mins,7.9 km,11 mins,7.7 km,10 mins,14.0 km,50 mins,10.2 km,13 mins,7.8 km,11 mins,13.7 km,14 mins,7.6 km,13 mins,1000 km,4000 mins,1000 km,4000 mins,1000 km,4000 mins,1000 km,4000 mins,1000 km,4000 mins,1000 km,4000 mins,1000 km,4000 mins,1000 km,4000 mins,1000 km,4000 mins,1000 km,4000 mins,1000 km,4000 mins,1000 km,4000 mins,1000 km,4000 mins,1000 km,4000 mins,1000 km,4000 mins,1000 km,4000 mins,1000 km,4000 mins,1000 km,4000 mins,1000 km,4000 mins,1000 km,4000 mins,1000 km,4000 mins,1000 km,4000 mins,1000 km,4000 mins,1000 km,4000 mins
114,1453084257,12.8 km,16 mins,18.0 km,24 mins,12.3 km,17 mins,9.7 km,12 mins,4.6 km,11 mins,12.1 km,14 mins,1.1 km,3 mins,18.5 km,24 mins,30.0 km,1 hour 40 mins,3.5 km,7 mins,13.8 km,48 mins,15.5 km,18 mins,28.7 km,31 mins,14.5 km,51 mins,11.4 km,40 mins,13.8 km,18 mins,12.7 km,15 mins,12.9 km,18 mins,12.5 km,17 mins,11.3 km,38 mins,12.8 km,18 mins,5.8 km,9 mins,1.3 km,3 mins,10.6 km,14 mins,1000 km,4000 mins,1000 km,4000 mins,1000 km,4000 mins,1000 km,4000 mins,1000 km,4000 mins,1000 km,4000 mins,1000 km,4000 mins,1000 km,4000 mins,1000 km,4000 mins,1000 km,4000 mins,1000 km,4000 mins,1000 km,4000 mins,1000 km,4000 mins,1000 km,4000 mins,1000 km,4000 mins,1000 km,4000 mins,1000 km,4000 mins,1000 km,4000 mins,1000 km,4000 mins,1000 km,4000 mins,1000 km,4000 mins,1000 km,4000 mins,1000 km,4000 mins,1000 km,4000 mins
